<ExacheckResults modelVersion=" 12.1.0.2.4_20150702" RackType="" EngineeredSystems="Database Appliance" RackIdentifier="" TimeStamp="2016 Oct 17 06:10:20" ExadataType="" xsi:noNamespaceSchemaLocation="exacheck_result.xsd" xmlns:xsi="http://www.w3.org/2001/XMLSchema-instance">
   <ExacheckResult executionTimestamp="2016-10-17 09:52:20 AST">
     <CheckID>009AD030984117B0E05313C0E50A50E2</CheckID>
     <CheckType>OS</CheckType>
     <AlertType>INFO</AlertType>
     <TargetType>CRS_HOME</TargetType>
     <Status>FAIL</Status>
     <ColumnValues>
       <ColumnValue Name="NodeName" value="odarac01n1"/>
     </ColumnValues>
   </ExacheckResult>
   <ExacheckResult executionTimestamp="2016-10-17 09:52:25 AST">
     <CheckID>0571CBD532EF57B1E05312C0E50A31CD</CheckID>
     <CheckType>OS</CheckType>
     <AlertType>WARNING</AlertType>
     <TargetType>HOST</TargetType>
     <Status>PASS</Status>
     <ColumnValues>
       <ColumnValue Name="NodeName" value="odarac01n1"/>
     </ColumnValues>
   </ExacheckResult>
   <ExacheckResult executionTimestamp="2016-10-17 09:52:37 AST">
     <CheckID>135F449E978C3B44E05313C0E50ABE53</CheckID>
     <CheckType>OS</CheckType>
     <AlertType>WARNING</AlertType>
     <TargetType>HOST</TargetType>
     <Status>PASS</Status>
     <ColumnValues>
       <ColumnValue Name="NodeName" value="odarac01n1"/>
     </ColumnValues>
   </ExacheckResult>
   <ExacheckResult executionTimestamp="2016-10-17 09:52:49 AST">
     <CheckID>595A436B3A7172FDE0401490CACF5BA5</CheckID>
     <CheckType>OS</CheckType>
     <AlertType>WARNING</AlertType>
     <TargetType>CRS_HOME</TargetType>
     <Status>FAIL</Status>
     <ColumnValues>
       <ColumnValue Name="NodeName" value="odarac01n1"/>
     </ColumnValues>
   </ExacheckResult>
   <ExacheckResult executionTimestamp="2016-10-17 09:52:50 AST">
     <CheckID>5ADCECF64757E914E0401490CACF4BBD</CheckID>
     <CheckType>OS_PARAM</CheckType>
     <AlertType>WARNING</AlertType>
     <TargetType>HOST</TargetType>
     <Status>PASS</Status>
     <OutfilePath>o_sysctl_odarac01n1.out</OutfilePath>
     <ColumnValues>
       <ColumnValue Name="NodeName" value="odarac01n1"/>
     </ColumnValues>
   </ExacheckResult>
   <ExacheckResult executionTimestamp="2016-10-17 09:52:50 AST">
     <CheckID>5ADD88EC8E0AFF2EE0401490CACF0C10</CheckID>
     <CheckType>OS_PARAM</CheckType>
     <AlertType>WARNING</AlertType>
     <TargetType>HOST</TargetType>
     <Status>PASS</Status>
     <OutfilePath>o_sysctl_odarac01n1.out</OutfilePath>
     <ColumnValues>
       <ColumnValue Name="NodeName" value="odarac01n1"/>
     </ColumnValues>
   </ExacheckResult>
   <ExacheckResult executionTimestamp="2016-10-17 09:52:51 AST">
     <CheckID>5ADE14B5205111D1E0401490CACF673B</CheckID>
     <CheckType>OS_PARAM</CheckType>
     <AlertType>WARNING</AlertType>
     <TargetType>HOST</TargetType>
     <Status>PASS</Status>
     <OutfilePath>o_sysctl_odarac01n1.out</OutfilePath>
     <ColumnValues>
       <ColumnValue Name="NodeName" value="odarac01n1"/>
     </ColumnValues>
   </ExacheckResult>
   <ExacheckResult executionTimestamp="2016-10-17 09:52:52 AST">
     <CheckID>5DC7EBCB6B72E046E0401490CACF321A</CheckID>
     <CheckType>OS</CheckType>
     <AlertType>WARNING</AlertType>
     <TargetType>CRS_HOME</TargetType>
     <Status>PASS</Status>
     <ColumnValues>
       <ColumnValue Name="NodeName" value="odarac01n1"/>
     </ColumnValues>
   </ExacheckResult>
   <ExacheckResult executionTimestamp="2016-10-17 09:52:52 AST">
     <CheckID>6050196F644254BDE0401490CACF203D</CheckID>
     <CheckType>OS_PARAM</CheckType>
     <AlertType>WARNING</AlertType>
     <TargetType>HOST</TargetType>
     <Status>PASS</Status>
     <OutfilePath>o_sysctl_odarac01n1.out</OutfilePath>
     <ColumnValues>
       <ColumnValue Name="NodeName" value="odarac01n1"/>
     </ColumnValues>
   </ExacheckResult>
   <ExacheckResult executionTimestamp="2016-10-17 09:52:54 AST">
     <CheckID>65414495B2047F26E0401490CACF0FED</CheckID>
     <CheckType>OS</CheckType>
     <AlertType>WARNING</AlertType>
     <TargetType>CRS_HOME</TargetType>
     <Status>PASS</Status>
     <ColumnValues>
       <ColumnValue Name="NodeName" value="odarac01n1"/>
     </ColumnValues>
   </ExacheckResult>
   <ExacheckResult executionTimestamp="2016-10-17 09:52:55 AST">
     <CheckID>6556EAA74E28214FE0401490CACF6C89</CheckID>
     <CheckType>OS</CheckType>
     <AlertType>INFO</AlertType>
     <TargetType>CRS_HOME</TargetType>
     <Status>FAIL</Status>
     <ColumnValues>
       <ColumnValue Name="NodeName" value="odarac01n1"/>
     </ColumnValues>
   </ExacheckResult>
   <ExacheckResult executionTimestamp="2016-10-17 09:52:55 AST">
     <CheckID>6580DCAAE8A28F5BE0401490CACF6186</CheckID>
     <CheckType>OS</CheckType>
     <AlertType>WARNING</AlertType>
     <TargetType>HOST</TargetType>
     <Status>PASS</Status>
     <ColumnValues>
       <ColumnValue Name="NodeName" value="odarac01n1"/>
     </ColumnValues>
   </ExacheckResult>
   <ExacheckResult executionTimestamp="2016-10-17 09:52:56 AST">
     <CheckID>66959FC16B423896E040E50A1EC07CDC</CheckID>
     <CheckType>OS_PARAM</CheckType>
     <AlertType>WARNING</AlertType>
     <TargetType>HOST</TargetType>
     <Status>PASS</Status>
     <OutfilePath>o_sysctl_odarac01n1.out</OutfilePath>
     <ColumnValues>
       <ColumnValue Name="NodeName" value="odarac01n1"/>
     </ColumnValues>
   </ExacheckResult>
   <ExacheckResult executionTimestamp="2016-10-17 09:52:57 AST">
     <CheckID>6696C7B368784A66E040E50A1EC01B92</CheckID>
     <CheckType>OS_PARAM</CheckType>
     <AlertType>WARNING</AlertType>
     <TargetType>HOST</TargetType>
     <Status>PASS</Status>
     <OutfilePath>o_sysctl_odarac01n1.out</OutfilePath>
     <ColumnValues>
       <ColumnValue Name="NodeName" value="odarac01n1"/>
     </ColumnValues>
   </ExacheckResult>
   <ExacheckResult executionTimestamp="2016-10-17 09:52:57 AST">
     <CheckID>6697946779AC8AD3E040E50A1EC03C0E</CheckID>
     <CheckType>OS_PARAM</CheckType>
     <AlertType>WARNING</AlertType>
     <TargetType>HOST</TargetType>
     <Status>PASS</Status>
     <OutfilePath>o_sysctl_odarac01n1.out</OutfilePath>
     <ColumnValues>
       <ColumnValue Name="NodeName" value="odarac01n1"/>
     </ColumnValues>
   </ExacheckResult>
   <ExacheckResult executionTimestamp="2016-10-17 09:52:58 AST">
     <CheckID>669862F59599CA2AE040E50A1EC018FD</CheckID>
     <CheckType>OS_PARAM</CheckType>
     <AlertType>WARNING</AlertType>
     <TargetType>HOST</TargetType>
     <Status>PASS</Status>
     <OutfilePath>o_sysctl_odarac01n1.out</OutfilePath>
     <ColumnValues>
       <ColumnValue Name="NodeName" value="odarac01n1"/>
     </ColumnValues>
   </ExacheckResult>
   <ExacheckResult executionTimestamp="2016-10-17 09:53:08 AST">
     <CheckID>7EDDA570A1827FBAE040E50A1EC02EB1</CheckID>
     <CheckType>OS</CheckType>
     <AlertType>WARNING</AlertType>
     <TargetType>RDBMS_HOME</TargetType>
     <Status>FAIL</Status>
     <ColumnValues>
       <ColumnValue Name="NodeName" value="odarac01n1"/>
       <ColumnValue Name="HomePath" value="/u01/app/oracle/product/11.2.0.4/dbhome_1"/>
     </ColumnValues>
   </ExacheckResult>
   <ExacheckResult executionTimestamp="2016-10-17 09:53:08 AST">
     <CheckID>7EDE9EBEC9429FBAE040E50A1EC03AED</CheckID>
     <CheckType>OS</CheckType>
     <AlertType>WARNING</AlertType>
     <TargetType>RDBMS_HOME</TargetType>
     <Status>FAIL</Status>
     <ColumnValues>
       <ColumnValue Name="NodeName" value="odarac01n1"/>
       <ColumnValue Name="HomePath" value="/u01/app/oracle/product/11.2.0.4/dbhome_1"/>
     </ColumnValues>
   </ExacheckResult>
   <ExacheckResult executionTimestamp="2016-10-17 09:53:10 AST">
     <CheckID>841A3A9F4A73AC6AE040E50A1EC03FC0</CheckID>
     <CheckType>OS</CheckType>
     <AlertType>WARNING</AlertType>
     <TargetType>HOST</TargetType>
     <Status>PASS</Status>
     <ColumnValues>
       <ColumnValue Name="NodeName" value="odarac01n1"/>
     </ColumnValues>
   </ExacheckResult>
   <ExacheckResult executionTimestamp="2016-10-17 09:53:11 AST">
     <CheckID>841A3A9F4A74AC6AE040E50A1EC03FC0</CheckID>
     <CheckType>OS</CheckType>
     <AlertType>WARNING</AlertType>
     <TargetType>HOST</TargetType>
     <Status>FAIL</Status>
     <ColumnValues>
       <ColumnValue Name="NodeName" value="odarac01n1"/>
     </ColumnValues>
   </ExacheckResult>
   <ExacheckResult executionTimestamp="2016-10-17 09:53:12 AST">
     <CheckID>841E706550975C68E040E50A1EC05EFB</CheckID>
     <CheckType>OS</CheckType>
     <AlertType>WARNING</AlertType>
     <TargetType>RDBMS_HOME</TargetType>
     <Status>PASS</Status>
     <ColumnValues>
       <ColumnValue Name="NodeName" value="odarac01n1"/>
       <ColumnValue Name="HomePath" value="/u01/app/oracle/product/11.2.0.4/dbhome_1"/>
     </ColumnValues>
   </ExacheckResult>
   <ExacheckResult executionTimestamp="2016-10-17 09:53:13 AST">
     <CheckID>841F0977B92F0185E040E50A1EC070BB</CheckID>
     <CheckType>OS</CheckType>
     <AlertType>WARNING</AlertType>
     <TargetType>HOST</TargetType>
     <Status>PASS</Status>
     <ColumnValues>
       <ColumnValue Name="NodeName" value="odarac01n1"/>
     </ColumnValues>
   </ExacheckResult>
   <ExacheckResult executionTimestamp="2016-10-17 09:53:14 AST">
     <CheckID>8449C298FC0EF19CE040E50A1EC00965</CheckID>
     <CheckType>OS</CheckType>
     <AlertType>WARNING</AlertType>
     <TargetType>HOST</TargetType>
     <Status>PASS</Status>
     <ColumnValues>
       <ColumnValue Name="NodeName" value="odarac01n1"/>
     </ColumnValues>
   </ExacheckResult>
   <ExacheckResult executionTimestamp="2016-10-17 09:53:15 AST">
     <CheckID>84C193C69EE36512E040E50A1EC06466</CheckID>
     <CheckType>OS</CheckType>
     <AlertType>WARNING</AlertType>
     <TargetType>HOST</TargetType>
     <Status>PASS</Status>
     <ColumnValues>
       <ColumnValue Name="NodeName" value="odarac01n1"/>
     </ColumnValues>
   </ExacheckResult>
   <ExacheckResult executionTimestamp="2016-10-17 09:53:16 AST">
     <CheckID>8529D3798EA039F3E040E50A1EC07218</CheckID>
     <CheckType>OS</CheckType>
     <AlertType>INFO</AlertType>
     <TargetType>CRS</TargetType>
     <Status>PASS</Status>
     <ColumnValues>
       <ColumnValue Name="NodeName" value="odarac01n1"/>
     </ColumnValues>
   </ExacheckResult>
   <ExacheckResult executionTimestamp="2016-10-17 09:53:16 AST">
     <CheckID>856A9B77AF14DD9FE040E50A1EC00285</CheckID>
     <CheckType>OS</CheckType>
     <AlertType>WARNING</AlertType>
     <TargetType>HOST</TargetType>
     <Status>PASS</Status>
     <ColumnValues>
       <ColumnValue Name="NodeName" value="odarac01n1"/>
     </ColumnValues>
   </ExacheckResult>
   <ExacheckResult executionTimestamp="2016-10-17 09:53:18 AST">
     <CheckID>90E150135F6859C4E040E50A1EC01FF5</CheckID>
     <CheckType>OS</CheckType>
     <AlertType>INFO</AlertType>
     <TargetType>CRS</TargetType>
     <Status>PASS</Status>
     <ColumnValues>
       <ColumnValue Name="NodeName" value="odarac01n1"/>
     </ColumnValues>
   </ExacheckResult>
   <ExacheckResult executionTimestamp="2016-10-17 09:53:19 AST">
     <CheckID>87604C73D768DF7AE040E50A1EC0566B</CheckID>
     <CheckType>OS</CheckType>
     <AlertType>WARNING</AlertType>
     <TargetType>CRS</TargetType>
     <Status>PASS</Status>
     <ColumnValues>
       <ColumnValue Name="NodeName" value="odarac01n1"/>
     </ColumnValues>
   </ExacheckResult>
   <ExacheckResult executionTimestamp="2016-10-17 09:53:21 AST">
     <CheckID>8914F5D0A9AB85BAE040E50A1EC04A31</CheckID>
     <CheckType>OS</CheckType>
     <AlertType>INFO</AlertType>
     <TargetType>CRS</TargetType>
     <Status>FAIL</Status>
     <ColumnValues>
       <ColumnValue Name="NodeName" value="odarac01n1"/>
     </ColumnValues>
   </ExacheckResult>
   <ExacheckResult executionTimestamp="2016-10-17 09:53:23 AST">
     <CheckID>898E1DF96754C57FE040E50A1EC03224</CheckID>
     <CheckType>OS</CheckType>
     <AlertType>FAIL</AlertType>
     <TargetType>ASM</TargetType>
     <Status>PASS</Status>
     <ColumnValues>
       <ColumnValue Name="NodeName" value="odarac01n1"/>
       <ColumnValue Name="InstanceName" value="+ASM2"/>
     </ColumnValues>
   </ExacheckResult>
   <ExacheckResult executionTimestamp="2016-10-17 09:53:26 AST">
     <CheckID>8E19457488167806E040E50A1EC00310</CheckID>
     <CheckType>OS</CheckType>
     <AlertType>WARNING</AlertType>
     <TargetType>CRS_HOME</TargetType>
     <Status>PASS</Status>
     <ColumnValues>
       <ColumnValue Name="NodeName" value="odarac01n1"/>
     </ColumnValues>
   </ExacheckResult>
   <ExacheckResult executionTimestamp="2016-10-17 09:53:26 AST">
     <CheckID>8E197A76D887BAC4E040E50A1EC07E0B</CheckID>
     <CheckType>OS</CheckType>
     <AlertType>WARNING</AlertType>
     <TargetType>CRS_HOME</TargetType>
     <Status>PASS</Status>
     <ColumnValues>
       <ColumnValue Name="NodeName" value="odarac01n1"/>
     </ColumnValues>
   </ExacheckResult>
   <ExacheckResult executionTimestamp="2016-10-17 09:53:27 AST">
     <CheckID>8E1A46CB0BDA0608E040E50A1EC022CD</CheckID>
     <CheckType>OS</CheckType>
     <AlertType>WARNING</AlertType>
     <TargetType>CRS_HOME</TargetType>
     <Status>PASS</Status>
     <ColumnValues>
       <ColumnValue Name="NodeName" value="odarac01n1"/>
     </ColumnValues>
   </ExacheckResult>
   <ExacheckResult executionTimestamp="2016-10-17 09:53:28 AST">
     <CheckID>8E1B5EE973BAA8C6E040E50A1EC0622E</CheckID>
     <CheckType>OS</CheckType>
     <AlertType>WARNING</AlertType>
     <TargetType>CRS_HOME</TargetType>
     <Status>PASS</Status>
     <ColumnValues>
       <ColumnValue Name="NodeName" value="odarac01n1"/>
     </ColumnValues>
   </ExacheckResult>
   <ExacheckResult executionTimestamp="2016-10-17 09:53:29 AST">
     <CheckID>90DCECE833790E9DE040E50A1EC0750A</CheckID>
     <CheckType>OS</CheckType>
     <AlertType>WARNING</AlertType>
     <TargetType>CRS_HOME</TargetType>
     <Status>PASS</Status>
     <ColumnValues>
       <ColumnValue Name="NodeName" value="odarac01n1"/>
     </ColumnValues>
   </ExacheckResult>
   <ExacheckResult executionTimestamp="2016-10-17 09:53:30 AST">
     <CheckID>951C025701C65CC5E040E50A1EC0371F</CheckID>
     <CheckType>OS</CheckType>
     <AlertType>WARNING</AlertType>
     <TargetType>HOST</TargetType>
     <Status>PASS</Status>
     <ColumnValues>
       <ColumnValue Name="NodeName" value="odarac01n1"/>
     </ColumnValues>
   </ExacheckResult>
   <ExacheckResult executionTimestamp="2016-10-17 09:53:31 AST">
     <CheckID>5E4956EE574FB034E0401490CACF2F84</CheckID>
     <CheckType>OS</CheckType>
     <AlertType>INFO</AlertType>
     <TargetType>CRS</TargetType>
     <Status>FAIL</Status>
     <ColumnValues>
       <ColumnValue Name="NodeName" value="odarac01n1"/>
     </ColumnValues>
   </ExacheckResult>
   <ExacheckResult executionTimestamp="2016-10-17 09:53:33 AST">
     <CheckID>9AC3FDBB9F8B8500E040E50A1EC06311</CheckID>
     <CheckType>OS</CheckType>
     <AlertType>FAIL</AlertType>
     <TargetType>ASM</TargetType>
     <Status>PASS</Status>
     <ColumnValues>
       <ColumnValue Name="NodeName" value="odarac01n1"/>
       <ColumnValue Name="InstanceName" value="+ASM2"/>
     </ColumnValues>
   </ExacheckResult>
   <ExacheckResult executionTimestamp="2016-10-17 09:53:41 AST">
     <CheckID>9DEBED7B8DAB583DE040E50A1EC01BA0</CheckID>
     <CheckType>OS</CheckType>
     <AlertType>FAIL</AlertType>
     <TargetType>ASM</TargetType>
     <Status>PASS</Status>
     <ColumnValues>
       <ColumnValue Name="NodeName" value="odarac01n1"/>
       <ColumnValue Name="InstanceName" value="+ASM2"/>
     </ColumnValues>
   </ExacheckResult>
   <ExacheckResult executionTimestamp="2016-10-17 09:53:42 AST">
     <CheckID>9EB3D82B8232CFAEE040E50A1EC04D89</CheckID>
     <CheckType>OS</CheckType>
     <AlertType>WARNING</AlertType>
     <TargetType>CRS_HOME</TargetType>
     <Status>PASS</Status>
     <ColumnValues>
       <ColumnValue Name="NodeName" value="odarac01n1"/>
     </ColumnValues>
   </ExacheckResult>
   <ExacheckResult executionTimestamp="2016-10-17 09:53:43 AST">
     <CheckID>9EB72ABADE01FED3E040E50A1EC075AF</CheckID>
     <CheckType>OS</CheckType>
     <AlertType>WARNING</AlertType>
     <TargetType>CRS_HOME</TargetType>
     <Status>PASS</Status>
     <ColumnValues>
       <ColumnValue Name="NodeName" value="odarac01n1"/>
     </ColumnValues>
   </ExacheckResult>
   <ExacheckResult executionTimestamp="2016-10-17 09:53:44 AST">
     <CheckID>9EB7E9577DD69A73E040E50A1EC01AF6</CheckID>
     <CheckType>OS</CheckType>
     <AlertType>WARNING</AlertType>
     <TargetType>CRS_HOME</TargetType>
     <Status>PASS</Status>
     <ColumnValues>
       <ColumnValue Name="NodeName" value="odarac01n1"/>
     </ColumnValues>
   </ExacheckResult>
   <ExacheckResult executionTimestamp="2016-10-17 09:53:44 AST">
     <CheckID>9EB7E9577DD79A73E040E50A1EC01AF6</CheckID>
     <CheckType>OS</CheckType>
     <AlertType>WARNING</AlertType>
     <TargetType>CRS_HOME</TargetType>
     <Status>PASS</Status>
     <ColumnValues>
       <ColumnValue Name="NodeName" value="odarac01n1"/>
     </ColumnValues>
   </ExacheckResult>
   <ExacheckResult executionTimestamp="2016-10-17 09:53:45 AST">
     <CheckID>9EB84272626BFF6EE040E50A1EC02AF3</CheckID>
     <CheckType>OS</CheckType>
     <AlertType>WARNING</AlertType>
     <TargetType>RDBMS_HOME</TargetType>
     <Status>PASS</Status>
     <ColumnValues>
       <ColumnValue Name="NodeName" value="odarac01n1"/>
       <ColumnValue Name="HomePath" value="/u01/app/oracle/product/11.2.0.4/dbhome_1"/>
     </ColumnValues>
   </ExacheckResult>
   <ExacheckResult executionTimestamp="2016-10-17 09:53:45 AST">
     <CheckID>9EB87E6D8E55F76BE040E50A1EC035C6</CheckID>
     <CheckType>OS</CheckType>
     <AlertType>WARNING</AlertType>
     <TargetType>HOST</TargetType>
     <Status>FAIL</Status>
     <ColumnValues>
       <ColumnValue Name="NodeName" value="odarac01n1"/>
     </ColumnValues>
   </ExacheckResult>
   <ExacheckResult executionTimestamp="2016-10-17 09:53:46 AST">
     <CheckID>9EB883858764342DE040E50A1EC0359A</CheckID>
     <CheckType>OS</CheckType>
     <AlertType>WARNING</AlertType>
     <TargetType>HOST</TargetType>
     <Status>PASS</Status>
     <ColumnValues>
       <ColumnValue Name="NodeName" value="odarac01n1"/>
     </ColumnValues>
   </ExacheckResult>
   <ExacheckResult executionTimestamp="2016-10-17 09:53:47 AST">
     <CheckID>9EB8B170DA93187EE040E50A1EC03D86</CheckID>
     <CheckType>OS</CheckType>
     <AlertType>WARNING</AlertType>
     <TargetType>HOST</TargetType>
     <Status>PASS</Status>
     <ColumnValues>
       <ColumnValue Name="NodeName" value="odarac01n1"/>
     </ColumnValues>
   </ExacheckResult>
   <ExacheckResult executionTimestamp="2016-10-17 09:53:47 AST">
     <CheckID>9EB8CACD50DCE0A3E040E50A1EC040B8</CheckID>
     <CheckType>OS_OUT_CHECK</CheckType>
     <AlertType>WARNING</AlertType>
     <TargetType>HOST</TargetType>
     <Status>PASS</Status>
     <OutfilePath>o_crs_hslimit_odarac01n1.out</OutfilePath>
     <ColumnValues>
       <ColumnValue Name="NodeName" value="odarac01n1"/>
     </ColumnValues>
   </ExacheckResult>
   <ExacheckResult executionTimestamp="2016-10-17 09:54:03 AST">
     <CheckID>ADEDC12238628DFBE040E50A1EC00FB9</CheckID>
     <CheckType>OS_OUT_CHECK</CheckType>
     <AlertType>WARNING</AlertType>
     <TargetType>HOST</TargetType>
     <Status>PASS</Status>
     <OutfilePath>o_oakpatch_odarac01n1.out</OutfilePath>
     <ColumnValues>
       <ColumnValue Name="NodeName" value="odarac01n1"/>
     </ColumnValues>
   </ExacheckResult>
   <ExacheckResult executionTimestamp="2016-10-17 09:54:03 AST">
     <CheckID>ADF11818A8D19B75E040E50A1EC01E9A</CheckID>
     <CheckType>OS_OUT_CHECK</CheckType>
     <AlertType>FAIL</AlertType>
     <TargetType>HOST</TargetType>
     <Status>PASS</Status>
     <OutfilePath>o_validate_shared_storage_odarac01n1.out</OutfilePath>
     <ColumnValues>
       <ColumnValue Name="NodeName" value="odarac01n1"/>
     </ColumnValues>
   </ExacheckResult>
   <ExacheckResult executionTimestamp="2016-10-17 09:54:04 AST">
     <CheckID>ADF221EFEB563930E040E50A1EC06CAE</CheckID>
     <CheckType>OS_OUT_CHECK</CheckType>
     <AlertType>FAIL</AlertType>
     <TargetType>HOST</TargetType>
     <Status>PASS</Status>
     <OutfilePath>o_validate_system_component_odarac01n1.out</OutfilePath>
     <ColumnValues>
       <ColumnValue Name="NodeName" value="odarac01n1"/>
     </ColumnValues>
   </ExacheckResult>
   <ExacheckResult executionTimestamp="2016-10-17 09:54:18 AST">
     <CheckID>B88B1400EBFB01B2E0431EC0E50A9173</CheckID>
     <CheckType>OS</CheckType>
     <AlertType>WARNING</AlertType>
     <TargetType>HOST</TargetType>
     <Status>PASS</Status>
     <ColumnValues>
       <ColumnValue Name="NodeName" value="odarac01n1"/>
     </ColumnValues>
   </ExacheckResult>
   <ExacheckResult executionTimestamp="2016-10-17 09:54:33 AST">
     <CheckID>CDFF972C295233B6E0431EC0E50A1B90</CheckID>
     <CheckType>OS</CheckType>
     <AlertType>WARNING</AlertType>
     <TargetType>HOST</TargetType>
     <Status>PASS</Status>
     <ColumnValues>
       <ColumnValue Name="NodeName" value="odarac01n1"/>
     </ColumnValues>
   </ExacheckResult>
   <ExacheckResult executionTimestamp="2016-10-17 09:54:37 AST">
     <CheckID>D692927211732642E0431EC0E50A342B</CheckID>
     <CheckType>OS</CheckType>
     <AlertType>WARNING</AlertType>
     <TargetType>HOST</TargetType>
     <Status>PASS</Status>
     <ColumnValues>
       <ColumnValue Name="NodeName" value="odarac01n1"/>
     </ColumnValues>
   </ExacheckResult>
   <ExacheckResult executionTimestamp="2016-10-17 09:54:39 AST">
     <CheckID>D957C871B811597AE04312C0E50A91BF</CheckID>
     <CheckType>OS</CheckType>
     <AlertType>INFO</AlertType>
     <TargetType>ASM</TargetType>
     <Status>PASS</Status>
     <ColumnValues>
       <ColumnValue Name="NodeName" value="odarac01n1"/>
       <ColumnValue Name="InstanceName" value="+ASM2"/>
     </ColumnValues>
   </ExacheckResult>
   <ExacheckResult executionTimestamp="2016-10-17 09:54:40 AST">
     <CheckID>D9A5C0E2DE430A85E04312C0E50AC8B0</CheckID>
     <CheckType>OS</CheckType>
     <AlertType>INFO</AlertType>
     <TargetType>ASM</TargetType>
     <Status>PASS</Status>
     <ColumnValues>
       <ColumnValue Name="NodeName" value="odarac01n1"/>
       <ColumnValue Name="InstanceName" value="+ASM2"/>
     </ColumnValues>
   </ExacheckResult>
   <ExacheckResult executionTimestamp="2016-10-17 09:54:41 AST">
     <CheckID>DA6C000F488E1C62E04313C0E50AE518</CheckID>
     <CheckType>OS</CheckType>
     <AlertType>INFO</AlertType>
     <TargetType>HOST</TargetType>
     <Status>FAIL</Status>
     <ColumnValues>
       <ColumnValue Name="NodeName" value="odarac01n1"/>
     </ColumnValues>
   </ExacheckResult>
   <ExacheckResult executionTimestamp="2016-10-17 09:54:42 AST">
     <CheckID>DC28F07D94FD1B10E04313C0E50A9FD8</CheckID>
     <CheckType>OS</CheckType>
     <AlertType>WARNING</AlertType>
     <TargetType>HOST</TargetType>
     <Status>PASS</Status>
     <ColumnValues>
       <ColumnValue Name="NodeName" value="odarac01n1"/>
     </ColumnValues>
   </ExacheckResult>
   <ExacheckResult executionTimestamp="2016-10-17 09:54:43 AST">
     <CheckID>D0C2640EBA071F73E0431EC0E50AA159</CheckID>
     <CheckType>OS</CheckType>
     <AlertType>WARNING</AlertType>
     <TargetType>HOST</TargetType>
     <Status>PASS</Status>
     <ColumnValues>
       <ColumnValue Name="NodeName" value="odarac01n1"/>
     </ColumnValues>
   </ExacheckResult>
   <ExacheckResult executionTimestamp="2016-10-17 09:54:47 AST">
     <CheckID>E10E99868C34569BE04313C0E50A44C1</CheckID>
     <CheckType>OS</CheckType>
     <AlertType>WARNING</AlertType>
     <TargetType>HOST</TargetType>
     <Status>PASS</Status>
     <ColumnValues>
       <ColumnValue Name="NodeName" value="odarac01n1"/>
     </ColumnValues>
   </ExacheckResult>
   <ExacheckResult executionTimestamp="2016-10-17 09:54:50 AST">
     <CheckID>E1DF2A6140395D42E04312C0E50A0A6C</CheckID>
     <CheckType>OS</CheckType>
     <AlertType>WARNING</AlertType>
     <TargetType>ASM</TargetType>
     <Status>PASS</Status>
     <ColumnValues>
       <ColumnValue Name="NodeName" value="odarac01n1"/>
       <ColumnValue Name="InstanceName" value="+ASM2"/>
     </ColumnValues>
   </ExacheckResult>
   <ExacheckResult executionTimestamp="2016-10-17 09:52:44 AST">
     <CheckID>0571CBD532EF57B1E05312C0E50A31CD</CheckID>
     <CheckType>OS</CheckType>
     <AlertType>WARNING</AlertType>
     <TargetType>HOST</TargetType>
     <Status>PASS</Status>
     <ColumnValues>
       <ColumnValue Name="NodeName" value="odarac01n0"/>
     </ColumnValues>
   </ExacheckResult>
   <ExacheckResult executionTimestamp="2016-10-17 09:52:56 AST">
     <CheckID>135F449E978C3B44E05313C0E50ABE53</CheckID>
     <CheckType>OS</CheckType>
     <AlertType>WARNING</AlertType>
     <TargetType>HOST</TargetType>
     <Status>PASS</Status>
     <ColumnValues>
       <ColumnValue Name="NodeName" value="odarac01n0"/>
     </ColumnValues>
   </ExacheckResult>
   <ExacheckResult executionTimestamp="2016-10-17 09:53:09 AST">
     <CheckID>595A436B3A7172FDE0401490CACF5BA5</CheckID>
     <CheckType>OS</CheckType>
     <AlertType>WARNING</AlertType>
     <TargetType>CRS_HOME</TargetType>
     <Status>PASS</Status>
     <ColumnValues>
       <ColumnValue Name="NodeName" value="odarac01n0"/>
     </ColumnValues>
   </ExacheckResult>
   <ExacheckResult executionTimestamp="2016-10-17 09:53:10 AST">
     <CheckID>5ADCECF64757E914E0401490CACF4BBD</CheckID>
     <CheckType>OS_PARAM</CheckType>
     <AlertType>WARNING</AlertType>
     <TargetType>HOST</TargetType>
     <Status>PASS</Status>
     <OutfilePath>o_sysctl_odarac01n0.out</OutfilePath>
     <ColumnValues>
       <ColumnValue Name="NodeName" value="odarac01n0"/>
     </ColumnValues>
   </ExacheckResult>
   <ExacheckResult executionTimestamp="2016-10-17 09:53:11 AST">
     <CheckID>5ADD88EC8E0AFF2EE0401490CACF0C10</CheckID>
     <CheckType>OS_PARAM</CheckType>
     <AlertType>WARNING</AlertType>
     <TargetType>HOST</TargetType>
     <Status>PASS</Status>
     <OutfilePath>o_sysctl_odarac01n0.out</OutfilePath>
     <ColumnValues>
       <ColumnValue Name="NodeName" value="odarac01n0"/>
     </ColumnValues>
   </ExacheckResult>
   <ExacheckResult executionTimestamp="2016-10-17 09:53:11 AST">
     <CheckID>5ADE14B5205111D1E0401490CACF673B</CheckID>
     <CheckType>OS_PARAM</CheckType>
     <AlertType>WARNING</AlertType>
     <TargetType>HOST</TargetType>
     <Status>PASS</Status>
     <OutfilePath>o_sysctl_odarac01n0.out</OutfilePath>
     <ColumnValues>
       <ColumnValue Name="NodeName" value="odarac01n0"/>
     </ColumnValues>
   </ExacheckResult>
   <ExacheckResult executionTimestamp="2016-10-17 09:53:12 AST">
     <CheckID>5DC7EBCB6B72E046E0401490CACF321A</CheckID>
     <CheckType>OS</CheckType>
     <AlertType>WARNING</AlertType>
     <TargetType>CRS_HOME</TargetType>
     <Status>PASS</Status>
     <ColumnValues>
       <ColumnValue Name="NodeName" value="odarac01n0"/>
     </ColumnValues>
   </ExacheckResult>
   <ExacheckResult executionTimestamp="2016-10-17 09:53:13 AST">
     <CheckID>6050196F644254BDE0401490CACF203D</CheckID>
     <CheckType>OS_PARAM</CheckType>
     <AlertType>WARNING</AlertType>
     <TargetType>HOST</TargetType>
     <Status>PASS</Status>
     <OutfilePath>o_sysctl_odarac01n0.out</OutfilePath>
     <ColumnValues>
       <ColumnValue Name="NodeName" value="odarac01n0"/>
     </ColumnValues>
   </ExacheckResult>
   <ExacheckResult executionTimestamp="2016-10-17 09:53:14 AST">
     <CheckID>6556EAA74E28214FE0401490CACF6C89</CheckID>
     <CheckType>OS</CheckType>
     <AlertType>INFO</AlertType>
     <TargetType>CRS_HOME</TargetType>
     <Status>FAIL</Status>
     <ColumnValues>
       <ColumnValue Name="NodeName" value="odarac01n0"/>
     </ColumnValues>
   </ExacheckResult>
   <ExacheckResult executionTimestamp="2016-10-17 09:53:15 AST">
     <CheckID>6580DCAAE8A28F5BE0401490CACF6186</CheckID>
     <CheckType>OS</CheckType>
     <AlertType>WARNING</AlertType>
     <TargetType>HOST</TargetType>
     <Status>PASS</Status>
     <ColumnValues>
       <ColumnValue Name="NodeName" value="odarac01n0"/>
     </ColumnValues>
   </ExacheckResult>
   <ExacheckResult executionTimestamp="2016-10-17 09:53:16 AST">
     <CheckID>66959FC16B423896E040E50A1EC07CDC</CheckID>
     <CheckType>OS_PARAM</CheckType>
     <AlertType>WARNING</AlertType>
     <TargetType>HOST</TargetType>
     <Status>PASS</Status>
     <OutfilePath>o_sysctl_odarac01n0.out</OutfilePath>
     <ColumnValues>
       <ColumnValue Name="NodeName" value="odarac01n0"/>
     </ColumnValues>
   </ExacheckResult>
   <ExacheckResult executionTimestamp="2016-10-17 09:53:17 AST">
     <CheckID>6696C7B368784A66E040E50A1EC01B92</CheckID>
     <CheckType>OS_PARAM</CheckType>
     <AlertType>WARNING</AlertType>
     <TargetType>HOST</TargetType>
     <Status>PASS</Status>
     <OutfilePath>o_sysctl_odarac01n0.out</OutfilePath>
     <ColumnValues>
       <ColumnValue Name="NodeName" value="odarac01n0"/>
     </ColumnValues>
   </ExacheckResult>
   <ExacheckResult executionTimestamp="2016-10-17 09:53:17 AST">
     <CheckID>6697946779AC8AD3E040E50A1EC03C0E</CheckID>
     <CheckType>OS_PARAM</CheckType>
     <AlertType>WARNING</AlertType>
     <TargetType>HOST</TargetType>
     <Status>PASS</Status>
     <OutfilePath>o_sysctl_odarac01n0.out</OutfilePath>
     <ColumnValues>
       <ColumnValue Name="NodeName" value="odarac01n0"/>
     </ColumnValues>
   </ExacheckResult>
   <ExacheckResult executionTimestamp="2016-10-17 09:53:18 AST">
     <CheckID>669862F59599CA2AE040E50A1EC018FD</CheckID>
     <CheckType>OS_PARAM</CheckType>
     <AlertType>WARNING</AlertType>
     <TargetType>HOST</TargetType>
     <Status>PASS</Status>
     <OutfilePath>o_sysctl_odarac01n0.out</OutfilePath>
     <ColumnValues>
       <ColumnValue Name="NodeName" value="odarac01n0"/>
     </ColumnValues>
   </ExacheckResult>
   <ExacheckResult executionTimestamp="2016-10-17 09:53:28 AST">
     <CheckID>7EDDA570A1827FBAE040E50A1EC02EB1</CheckID>
     <CheckType>OS</CheckType>
     <AlertType>WARNING</AlertType>
     <TargetType>RDBMS_HOME</TargetType>
     <Status>FAIL</Status>
     <ColumnValues>
       <ColumnValue Name="NodeName" value="odarac01n0"/>
       <ColumnValue Name="HomePath" value="/u01/app/oracle/product/11.2.0.4/dbhome_1"/>
     </ColumnValues>
   </ExacheckResult>
   <ExacheckResult executionTimestamp="2016-10-17 09:53:29 AST">
     <CheckID>7EDE9EBEC9429FBAE040E50A1EC03AED</CheckID>
     <CheckType>OS</CheckType>
     <AlertType>WARNING</AlertType>
     <TargetType>RDBMS_HOME</TargetType>
     <Status>FAIL</Status>
     <ColumnValues>
       <ColumnValue Name="NodeName" value="odarac01n0"/>
       <ColumnValue Name="HomePath" value="/u01/app/oracle/product/11.2.0.4/dbhome_1"/>
     </ColumnValues>
   </ExacheckResult>
   <ExacheckResult executionTimestamp="2016-10-17 09:53:31 AST">
     <CheckID>841A3A9F4A73AC6AE040E50A1EC03FC0</CheckID>
     <CheckType>OS</CheckType>
     <AlertType>WARNING</AlertType>
     <TargetType>HOST</TargetType>
     <Status>PASS</Status>
     <ColumnValues>
       <ColumnValue Name="NodeName" value="odarac01n0"/>
     </ColumnValues>
   </ExacheckResult>
   <ExacheckResult executionTimestamp="2016-10-17 09:53:32 AST">
     <CheckID>841A3A9F4A74AC6AE040E50A1EC03FC0</CheckID>
     <CheckType>OS</CheckType>
     <AlertType>WARNING</AlertType>
     <TargetType>HOST</TargetType>
     <Status>FAIL</Status>
     <ColumnValues>
       <ColumnValue Name="NodeName" value="odarac01n0"/>
     </ColumnValues>
   </ExacheckResult>
   <ExacheckResult executionTimestamp="2016-10-17 09:53:33 AST">
     <CheckID>841E706550975C68E040E50A1EC05EFB</CheckID>
     <CheckType>OS</CheckType>
     <AlertType>WARNING</AlertType>
     <TargetType>RDBMS_HOME</TargetType>
     <Status>PASS</Status>
     <ColumnValues>
       <ColumnValue Name="NodeName" value="odarac01n0"/>
       <ColumnValue Name="HomePath" value="/u01/app/oracle/product/11.2.0.4/dbhome_1"/>
     </ColumnValues>
   </ExacheckResult>
   <ExacheckResult executionTimestamp="2016-10-17 09:53:33 AST">
     <CheckID>841F0977B92F0185E040E50A1EC070BB</CheckID>
     <CheckType>OS</CheckType>
     <AlertType>WARNING</AlertType>
     <TargetType>HOST</TargetType>
     <Status>PASS</Status>
     <ColumnValues>
       <ColumnValue Name="NodeName" value="odarac01n0"/>
     </ColumnValues>
   </ExacheckResult>
   <ExacheckResult executionTimestamp="2016-10-17 09:53:35 AST">
     <CheckID>8449C298FC0EF19CE040E50A1EC00965</CheckID>
     <CheckType>OS</CheckType>
     <AlertType>WARNING</AlertType>
     <TargetType>HOST</TargetType>
     <Status>PASS</Status>
     <ColumnValues>
       <ColumnValue Name="NodeName" value="odarac01n0"/>
     </ColumnValues>
   </ExacheckResult>
   <ExacheckResult executionTimestamp="2016-10-17 09:53:36 AST">
     <CheckID>84C193C69EE36512E040E50A1EC06466</CheckID>
     <CheckType>OS</CheckType>
     <AlertType>WARNING</AlertType>
     <TargetType>HOST</TargetType>
     <Status>PASS</Status>
     <ColumnValues>
       <ColumnValue Name="NodeName" value="odarac01n0"/>
     </ColumnValues>
   </ExacheckResult>
   <ExacheckResult executionTimestamp="2016-10-17 09:53:37 AST">
     <CheckID>8529D3798EA039F3E040E50A1EC07218</CheckID>
     <CheckType>OS</CheckType>
     <AlertType>INFO</AlertType>
     <TargetType>CRS</TargetType>
     <Status>PASS</Status>
     <ColumnValues>
       <ColumnValue Name="NodeName" value="odarac01n0"/>
     </ColumnValues>
   </ExacheckResult>
   <ExacheckResult executionTimestamp="2016-10-17 09:53:37 AST">
     <CheckID>856A9B77AF14DD9FE040E50A1EC00285</CheckID>
     <CheckType>OS</CheckType>
     <AlertType>WARNING</AlertType>
     <TargetType>HOST</TargetType>
     <Status>PASS</Status>
     <ColumnValues>
       <ColumnValue Name="NodeName" value="odarac01n0"/>
     </ColumnValues>
   </ExacheckResult>
   <ExacheckResult executionTimestamp="2016-10-17 09:53:41 AST">
     <CheckID>8914F5D0A9AB85BAE040E50A1EC04A31</CheckID>
     <CheckType>OS</CheckType>
     <AlertType>INFO</AlertType>
     <TargetType>CRS</TargetType>
     <Status>FAIL</Status>
     <ColumnValues>
       <ColumnValue Name="NodeName" value="odarac01n0"/>
     </ColumnValues>
   </ExacheckResult>
   <ExacheckResult executionTimestamp="2016-10-17 09:53:42 AST">
     <CheckID>898E1DF96754C57FE040E50A1EC03224</CheckID>
     <CheckType>OS</CheckType>
     <AlertType>FAIL</AlertType>
     <TargetType>ASM</TargetType>
     <Status>PASS</Status>
     <ColumnValues>
       <ColumnValue Name="NodeName" value="odarac01n0"/>
       <ColumnValue Name="InstanceName" value="+ASM1"/>
     </ColumnValues>
   </ExacheckResult>
   <ExacheckResult executionTimestamp="2016-10-17 09:53:45 AST">
     <CheckID>8E19457488167806E040E50A1EC00310</CheckID>
     <CheckType>OS</CheckType>
     <AlertType>WARNING</AlertType>
     <TargetType>CRS_HOME</TargetType>
     <Status>PASS</Status>
     <ColumnValues>
       <ColumnValue Name="NodeName" value="odarac01n0"/>
     </ColumnValues>
   </ExacheckResult>
   <ExacheckResult executionTimestamp="2016-10-17 09:53:46 AST">
     <CheckID>8E197A76D887BAC4E040E50A1EC07E0B</CheckID>
     <CheckType>OS</CheckType>
     <AlertType>WARNING</AlertType>
     <TargetType>CRS_HOME</TargetType>
     <Status>PASS</Status>
     <ColumnValues>
       <ColumnValue Name="NodeName" value="odarac01n0"/>
     </ColumnValues>
   </ExacheckResult>
   <ExacheckResult executionTimestamp="2016-10-17 09:53:46 AST">
     <CheckID>8E1A46CB0BDA0608E040E50A1EC022CD</CheckID>
     <CheckType>OS</CheckType>
     <AlertType>WARNING</AlertType>
     <TargetType>CRS_HOME</TargetType>
     <Status>PASS</Status>
     <ColumnValues>
       <ColumnValue Name="NodeName" value="odarac01n0"/>
     </ColumnValues>
   </ExacheckResult>
   <ExacheckResult executionTimestamp="2016-10-17 09:53:47 AST">
     <CheckID>8E1B5EE973BAA8C6E040E50A1EC0622E</CheckID>
     <CheckType>OS</CheckType>
     <AlertType>WARNING</AlertType>
     <TargetType>CRS_HOME</TargetType>
     <Status>PASS</Status>
     <ColumnValues>
       <ColumnValue Name="NodeName" value="odarac01n0"/>
     </ColumnValues>
   </ExacheckResult>
   <ExacheckResult executionTimestamp="2016-10-17 09:53:49 AST">
     <CheckID>951C025701C65CC5E040E50A1EC0371F</CheckID>
     <CheckType>OS</CheckType>
     <AlertType>WARNING</AlertType>
     <TargetType>HOST</TargetType>
     <Status>PASS</Status>
     <ColumnValues>
       <ColumnValue Name="NodeName" value="odarac01n0"/>
     </ColumnValues>
   </ExacheckResult>
   <ExacheckResult executionTimestamp="2016-10-17 09:53:51 AST">
     <CheckID>5E4956EE574FB034E0401490CACF2F84</CheckID>
     <CheckType>OS</CheckType>
     <AlertType>INFO</AlertType>
     <TargetType>CRS</TargetType>
     <Status>FAIL</Status>
     <ColumnValues>
       <ColumnValue Name="NodeName" value="odarac01n0"/>
     </ColumnValues>
   </ExacheckResult>
   <ExacheckResult executionTimestamp="2016-10-17 09:55:07 AST">
     <CheckID>9DEBED7B8DAB583DE040E50A1EC01BA0</CheckID>
     <CheckType>OS</CheckType>
     <AlertType>FAIL</AlertType>
     <TargetType>ASM</TargetType>
     <Status>PASS</Status>
     <ColumnValues>
       <ColumnValue Name="NodeName" value="odarac01n0"/>
       <ColumnValue Name="InstanceName" value="+ASM1"/>
     </ColumnValues>
   </ExacheckResult>
   <ExacheckResult executionTimestamp="2016-10-17 09:55:09 AST">
     <CheckID>9EB3D82B8232CFAEE040E50A1EC04D89</CheckID>
     <CheckType>OS</CheckType>
     <AlertType>WARNING</AlertType>
     <TargetType>CRS_HOME</TargetType>
     <Status>PASS</Status>
     <ColumnValues>
       <ColumnValue Name="NodeName" value="odarac01n0"/>
     </ColumnValues>
   </ExacheckResult>
   <ExacheckResult executionTimestamp="2016-10-17 09:55:09 AST">
     <CheckID>9EB72ABADE01FED3E040E50A1EC075AF</CheckID>
     <CheckType>OS</CheckType>
     <AlertType>WARNING</AlertType>
     <TargetType>CRS_HOME</TargetType>
     <Status>PASS</Status>
     <ColumnValues>
       <ColumnValue Name="NodeName" value="odarac01n0"/>
     </ColumnValues>
   </ExacheckResult>
   <ExacheckResult executionTimestamp="2016-10-17 09:55:10 AST">
     <CheckID>9EB7E9577DD69A73E040E50A1EC01AF6</CheckID>
     <CheckType>OS</CheckType>
     <AlertType>WARNING</AlertType>
     <TargetType>CRS_HOME</TargetType>
     <Status>PASS</Status>
     <ColumnValues>
       <ColumnValue Name="NodeName" value="odarac01n0"/>
     </ColumnValues>
   </ExacheckResult>
   <ExacheckResult executionTimestamp="2016-10-17 09:55:11 AST">
     <CheckID>9EB7E9577DD79A73E040E50A1EC01AF6</CheckID>
     <CheckType>OS</CheckType>
     <AlertType>WARNING</AlertType>
     <TargetType>CRS_HOME</TargetType>
     <Status>PASS</Status>
     <ColumnValues>
       <ColumnValue Name="NodeName" value="odarac01n0"/>
     </ColumnValues>
   </ExacheckResult>
   <ExacheckResult executionTimestamp="2016-10-17 09:55:11 AST">
     <CheckID>9EB84272626BFF6EE040E50A1EC02AF3</CheckID>
     <CheckType>OS</CheckType>
     <AlertType>WARNING</AlertType>
     <TargetType>RDBMS_HOME</TargetType>
     <Status>PASS</Status>
     <ColumnValues>
       <ColumnValue Name="NodeName" value="odarac01n0"/>
       <ColumnValue Name="HomePath" value="/u01/app/oracle/product/11.2.0.4/dbhome_1"/>
     </ColumnValues>
   </ExacheckResult>
   <ExacheckResult executionTimestamp="2016-10-17 09:55:12 AST">
     <CheckID>9EB87E6D8E55F76BE040E50A1EC035C6</CheckID>
     <CheckType>OS</CheckType>
     <AlertType>WARNING</AlertType>
     <TargetType>HOST</TargetType>
     <Status>FAIL</Status>
     <ColumnValues>
       <ColumnValue Name="NodeName" value="odarac01n0"/>
     </ColumnValues>
   </ExacheckResult>
   <ExacheckResult executionTimestamp="2016-10-17 09:55:13 AST">
     <CheckID>9EB883858764342DE040E50A1EC0359A</CheckID>
     <CheckType>OS</CheckType>
     <AlertType>WARNING</AlertType>
     <TargetType>HOST</TargetType>
     <Status>PASS</Status>
     <ColumnValues>
       <ColumnValue Name="NodeName" value="odarac01n0"/>
     </ColumnValues>
   </ExacheckResult>
   <ExacheckResult executionTimestamp="2016-10-17 09:55:13 AST">
     <CheckID>9EB8B170DA93187EE040E50A1EC03D86</CheckID>
     <CheckType>OS</CheckType>
     <AlertType>WARNING</AlertType>
     <TargetType>HOST</TargetType>
     <Status>PASS</Status>
     <ColumnValues>
       <ColumnValue Name="NodeName" value="odarac01n0"/>
     </ColumnValues>
   </ExacheckResult>
   <ExacheckResult executionTimestamp="2016-10-17 09:55:14 AST">
     <CheckID>9EB8CACD50DCE0A3E040E50A1EC040B8</CheckID>
     <CheckType>OS_OUT_CHECK</CheckType>
     <AlertType>WARNING</AlertType>
     <TargetType>HOST</TargetType>
     <Status>PASS</Status>
     <OutfilePath>o_crs_hslimit_odarac01n0.out</OutfilePath>
     <ColumnValues>
       <ColumnValue Name="NodeName" value="odarac01n0"/>
     </ColumnValues>
   </ExacheckResult>
   <ExacheckResult executionTimestamp="2016-10-17 09:55:31 AST">
     <CheckID>ADEDC12238628DFBE040E50A1EC00FB9</CheckID>
     <CheckType>OS_OUT_CHECK</CheckType>
     <AlertType>WARNING</AlertType>
     <TargetType>HOST</TargetType>
     <Status>PASS</Status>
     <OutfilePath>o_oakpatch_odarac01n0.out</OutfilePath>
     <ColumnValues>
       <ColumnValue Name="NodeName" value="odarac01n0"/>
     </ColumnValues>
   </ExacheckResult>
   <ExacheckResult executionTimestamp="2016-10-17 09:55:32 AST">
     <CheckID>ADF11818A8D19B75E040E50A1EC01E9A</CheckID>
     <CheckType>OS_OUT_CHECK</CheckType>
     <AlertType>FAIL</AlertType>
     <TargetType>HOST</TargetType>
     <Status>PASS</Status>
     <OutfilePath>o_validate_shared_storage_odarac01n0.out</OutfilePath>
     <ColumnValues>
       <ColumnValue Name="NodeName" value="odarac01n0"/>
     </ColumnValues>
   </ExacheckResult>
   <ExacheckResult executionTimestamp="2016-10-17 09:55:32 AST">
     <CheckID>ADF221EFEB563930E040E50A1EC06CAE</CheckID>
     <CheckType>OS_OUT_CHECK</CheckType>
     <AlertType>FAIL</AlertType>
     <TargetType>HOST</TargetType>
     <Status>PASS</Status>
     <OutfilePath>o_validate_system_component_odarac01n0.out</OutfilePath>
     <ColumnValues>
       <ColumnValue Name="NodeName" value="odarac01n0"/>
     </ColumnValues>
   </ExacheckResult>
   <ExacheckResult executionTimestamp="2016-10-17 09:55:47 AST">
     <CheckID>B88B1400EBFB01B2E0431EC0E50A9173</CheckID>
     <CheckType>OS</CheckType>
     <AlertType>WARNING</AlertType>
     <TargetType>HOST</TargetType>
     <Status>PASS</Status>
     <ColumnValues>
       <ColumnValue Name="NodeName" value="odarac01n0"/>
     </ColumnValues>
   </ExacheckResult>
   <ExacheckResult executionTimestamp="2016-10-17 09:56:04 AST">
     <CheckID>CDFF972C295233B6E0431EC0E50A1B90</CheckID>
     <CheckType>OS</CheckType>
     <AlertType>WARNING</AlertType>
     <TargetType>HOST</TargetType>
     <Status>PASS</Status>
     <ColumnValues>
       <ColumnValue Name="NodeName" value="odarac01n0"/>
     </ColumnValues>
   </ExacheckResult>
   <ExacheckResult executionTimestamp="2016-10-17 09:56:08 AST">
     <CheckID>D692927211732642E0431EC0E50A342B</CheckID>
     <CheckType>OS</CheckType>
     <AlertType>WARNING</AlertType>
     <TargetType>HOST</TargetType>
     <Status>PASS</Status>
     <ColumnValues>
       <ColumnValue Name="NodeName" value="odarac01n0"/>
     </ColumnValues>
   </ExacheckResult>
   <ExacheckResult executionTimestamp="2016-10-17 09:56:10 AST">
     <CheckID>D9A5C0E2DE430A85E04312C0E50AC8B0</CheckID>
     <CheckType>OS</CheckType>
     <AlertType>INFO</AlertType>
     <TargetType>ASM</TargetType>
     <Status>PASS</Status>
     <ColumnValues>
       <ColumnValue Name="NodeName" value="odarac01n0"/>
       <ColumnValue Name="InstanceName" value="+ASM1"/>
     </ColumnValues>
   </ExacheckResult>
   <ExacheckResult executionTimestamp="2016-10-17 09:56:11 AST">
     <CheckID>DA6C000F488E1C62E04313C0E50AE518</CheckID>
     <CheckType>OS</CheckType>
     <AlertType>INFO</AlertType>
     <TargetType>HOST</TargetType>
     <Status>FAIL</Status>
     <ColumnValues>
       <ColumnValue Name="NodeName" value="odarac01n0"/>
     </ColumnValues>
   </ExacheckResult>
   <ExacheckResult executionTimestamp="2016-10-17 09:56:12 AST">
     <CheckID>DC28F07D94FD1B10E04313C0E50A9FD8</CheckID>
     <CheckType>OS</CheckType>
     <AlertType>WARNING</AlertType>
     <TargetType>HOST</TargetType>
     <Status>PASS</Status>
     <ColumnValues>
       <ColumnValue Name="NodeName" value="odarac01n0"/>
     </ColumnValues>
   </ExacheckResult>
   <ExacheckResult executionTimestamp="2016-10-17 09:56:13 AST">
     <CheckID>D0C2640EBA071F73E0431EC0E50AA159</CheckID>
     <CheckType>OS</CheckType>
     <AlertType>WARNING</AlertType>
     <TargetType>HOST</TargetType>
     <Status>PASS</Status>
     <ColumnValues>
       <ColumnValue Name="NodeName" value="odarac01n0"/>
     </ColumnValues>
   </ExacheckResult>
   <ExacheckResult executionTimestamp="2016-10-17 09:56:18 AST">
     <CheckID>E10E99868C34569BE04313C0E50A44C1</CheckID>
     <CheckType>OS</CheckType>
     <AlertType>WARNING</AlertType>
     <TargetType>HOST</TargetType>
     <Status>PASS</Status>
     <ColumnValues>
       <ColumnValue Name="NodeName" value="odarac01n0"/>
     </ColumnValues>
   </ExacheckResult>
   <ExacheckResult executionTimestamp="2016-10-17 09:56:22 AST">
     <CheckID>E1DF2A6140395D42E04312C0E50A0A6C</CheckID>
     <CheckType>OS</CheckType>
     <AlertType>WARNING</AlertType>
     <TargetType>ASM</TargetType>
     <Status>PASS</Status>
     <ColumnValues>
       <ColumnValue Name="NodeName" value="odarac01n0"/>
       <ColumnValue Name="InstanceName" value="+ASM1"/>
     </ColumnValues>
   </ExacheckResult>
   <ExacheckResult executionTimestamp="2016-10-17 09:57:17 AST">
     <CheckID>7E3FAC1843F137ABE040E50A1EC0139B</CheckID>
     <CheckType>CLUSTERWIDE_CHECK</CheckType>
     <AlertType>WARNING</AlertType>
     <TargetType>CLUSTER</TargetType>
     <Status>PASS</Status>
     <ColumnValues>
     </ColumnValues>
   </ExacheckResult>
   <ExacheckResult executionTimestamp="2016-10-17 09:57:18 AST">
     <CheckID>7E40D02BD3C22C5AE040E50A1EC033F5</CheckID>
     <CheckType>CLUSTERWIDE_CHECK</CheckType>
     <AlertType>WARNING</AlertType>
     <TargetType>CLUSTER</TargetType>
     <Status>PASS</Status>
     <ColumnValues>
     </ColumnValues>
   </ExacheckResult>
   <ExacheckResult executionTimestamp="2016-10-17 09:57:18 AST">
     <CheckID>7E8D719B61F43773E040E50A1EC029C0</CheckID>
     <CheckType>CLUSTERWIDE_CHECK</CheckType>
     <AlertType>WARNING</AlertType>
     <TargetType>CLUSTER</TargetType>
     <Status>PASS</Status>
     <ColumnValues>
     </ColumnValues>
   </ExacheckResult>
   <ExacheckResult executionTimestamp="2016-10-17 09:57:18 AST">
     <CheckID>88704DB19306DC92E040E50A1EC02C92</CheckID>
     <CheckType>CLUSTERWIDE_CHECK</CheckType>
     <AlertType>WARNING</AlertType>
     <TargetType>CLUSTER</TargetType>
     <Status>PASS</Status>
     <ColumnValues>
     </ColumnValues>
   </ExacheckResult>
   <ExacheckResult executionTimestamp="2016-10-17 09:57:18 AST">
     <CheckID>8955120D63FCAC2DE040E50A1EC006CA</CheckID>
     <CheckType>CLUSTERWIDE_CHECK</CheckType>
     <AlertType>WARNING</AlertType>
     <TargetType>CLUSTER</TargetType>
     <Status>PASS</Status>
     <ColumnValues>
     </ColumnValues>
   </ExacheckResult>
   <ExacheckResult executionTimestamp="2016-10-17 09:57:19 AST">
     <CheckID>8BEFA88017530395E040E50A1EC05E99</CheckID>
     <CheckType>CLUSTERWIDE_CHECK</CheckType>
     <AlertType>WARNING</AlertType>
     <TargetType>CLUSTER</TargetType>
     <Status>PASS</Status>
     <ColumnValues>
     </ColumnValues>
   </ExacheckResult>
   <ExacheckResult executionTimestamp="2016-10-17 09:57:19 AST">
     <CheckID>8BEFCB0B4C9DBF5CE040E50A1EC03B14</CheckID>
     <CheckType>CLUSTERWIDE_CHECK</CheckType>
     <AlertType>INFO</AlertType>
     <TargetType>CLUSTER</TargetType>
     <Status>PASS</Status>
     <ColumnValues>
     </ColumnValues>
   </ExacheckResult>
   <ExacheckResult executionTimestamp="2016-10-17 09:57:19 AST">
     <CheckID>8FC307D9A9CEF95FE040E50A1EC01580</CheckID>
     <CheckType>CLUSTERWIDE_CHECK</CheckType>
     <AlertType>WARNING</AlertType>
     <TargetType>CLUSTER</TargetType>
     <Status>PASS</Status>
     <ColumnValues>
     </ColumnValues>
   </ExacheckResult>
   <ExacheckResult executionTimestamp="2016-10-17 09:57:19 AST">
     <CheckID>8FC4FA469BAA945EE040E50A1EC06AC6</CheckID>
     <CheckType>CLUSTERWIDE_CHECK</CheckType>
     <AlertType>WARNING</AlertType>
     <TargetType>CLUSTER</TargetType>
     <Status>PASS</Status>
     <ColumnValues>
     </ColumnValues>
   </ExacheckResult>
   <ExacheckResult executionTimestamp="2016-10-17 09:57:20 AST">
     <CheckID>F086120133332A4AE04313C0E50AF5F8</CheckID>
     <CheckType>CLUSTERWIDE_CHECK</CheckType>
     <AlertType>WARNING</AlertType>
     <TargetType>CLUSTER</TargetType>
     <Status>PASS</Status>
     <ColumnValues>
     </ColumnValues>
   </ExacheckResult>
</ExacheckResults>
