<Checks>
    <Check id="009AD030984117B0E05313C0E50A50E2">
        <Recommendation><![CDATA[<pre> Please be aware of the following Oracle Database Appliance Best Practice References
 </pre>]]></Recommendation>
        <Links><![CDATA[<li><a href="http://www.oracle.com/technetwork/database/database-appliance/documentation/oda-oemcloudcontrol-2209378.pdf" target="_blank">Solution-in-a-box: Deploying Highly Available Monitoring Infrastructure using Oracle Enterprise Manager Cloud Control 12c and Oracle Database Appliance </a></li><li><a href="http://www.oracle.com/technetwork/server-storage/engineered-systems/database-appliance/documentation/oda-jdedwards-enterpriseone-1895756.pdf" target="_blank">Oracle Database Appliance characterization with JD Edwards EnterpriseOne </a></li><li><a href="http://www.oracle.com/technetwork/database/database-appliance/oda-jde-soln-in-a-box-technical-2120907.pdf" target="_blank">Solution-in-a-box: Best practices for deploying JD Edwards EnterpriseOne on Oracle Database Appliance </a></li><li><a href="http://www.oracle.com/technetwork/server-storage/engineered-systems/database-appliance/documentation/oda-eval-comparing-performance-1895230.pdf" target="_blank">Evaluating and Comparing Oracle Database Appliance Performance </a></li><li><a href="http://www.oracle.com/technetwork/database/database-appliance/oda-ebs-virtualized-wp-2183063.pdf" target="_blank">Solution-in-a-box: Best practices for deploying Oracle E-Business Suite Release 12.2.x on Oracle Database Appliance </a></li><li><a href="http://www.oracle.com/technetwork/database/database-appliance/documentation/oda-psft-solninabox-wp-2197457.pdf" target="_blank">Solution-in-a-box: Best practices for deploying PeopleSoft Applications on Oracle Database Appliance </a></li><li><a href="http://www.oracle.com/technetwork/server-storage/engineered-systems/database-appliance/documentation/deploying-odg-with-oda-1615029.pdf" target="_blank">Deploying Oracle Data Guard with Oracle Database Appliance </a></li><li><a href="http://www.oracle.com/technetwork/server-storage/engineered-systems/database-appliance/documentation/dbappliancebackupstrategies-519664.pdf" target="_blank">Backup and Recovery Best Practices for the Oracle Database Appliance </a></li><li><a href="http://www.oracle.com/technetwork/server-storage/engineered-systems/database-appliance/documentation/oda-expandingstorage-1707855.pdf" target="_blank">Expanding the Storage Capabilities of the Oracle Database Appliance </a></li><li><a href="http://www.oracle.com/technetwork/server-storage/engineered-systems/database-appliance/documentation/oda-expandingstorage-1707855.pdf" target="_blank">Oracle Database Appliance: Migration Strategies </a></li>]]></Links>
    </Check>
    <Check id="0571CBD532EF57B1E05312C0E50A31CD">
        <Recommendation><![CDATA[<pre> The following table describes the relationship between installed RAM and the configured swap space requirement:

Note:
On Linux, the Hugepages feature allocates non-swappable memory for large page tables using memory-mapped files. If you enable Hugepages, then you should deduct the memory allocated to Hugepages from the available RAM before calculating swap space.

RAM between 4 GB and 16 GB, Swap equal to the size of RAM (minus memory allocated to Hugepages)

RAM (minus memory allocated to Hugepages)
more than 16 GB,  Swap 16 GB

In other words the maximum swap size for Linux that Oracle would recommend would be 16GB
 </pre>]]></Recommendation>
        <Links><![CDATA[<li><a href="http://docs.oracle.com/database/121/CWLIN/servers.htm#CWLIN463" target="_blank">12c Database Memory Requirements for Linux </a></li><li><a href="https://support.oracle.com/epmos/faces/DocumentDisplay?parent=orachkReport&sourceId=DATABASE&id=1587357.1" target="_blank">Note: 1587357.1 - Oracle Database (RDBMS) on Unix AIX,HP-UX,Linux,Solaris and MS Windows Operating Systems Installation and Configuration</a></li>]]></Links>
    </Check>
    <Check id="135F449E978C3B44E05313C0E50ABE53">
        <Recommendation><![CDATA[<pre> 
Benefit / Impact:

Database memory allocation should never be greater than the physical memory installed on a database node. Over allocating memory can cause memory swapping which will negatively impact performance.

Risk:

Database performance can be significantly impacted by over allocating memory.

Action / Repair:

Calculation uses a multiple of the PGA_AGGREGATE_TARGET setting depending on the database version. For 11g databases, tool will multiply the PGA_AGGREGATE_TARGET setting by 3, for 12c databases, tool will multiply the PGA_AGGREGATE_TARGET setting by 2. These values are summed for all database running instances and compared to the amount of physical memory not allocated to HUGEPAGES.
The PGA database instance memory total allocated is greater than memory available on the node for PGA, please change memory allocations by reducing PGA_AGGREGATE_TARGET as appropriate in one or more database instances. After making changes to PGA_AGGREGATE_TARGET, re-run tool to determine if PGA memory allocation is less than memory available for PGA.
 </pre>]]></Recommendation>
        <Links><![CDATA[]]></Links>
    </Check>
    <Check id="595A436B3A7172FDE0401490CACF5BA5">
        <Recommendation><![CDATA[<pre> 
Benefit / Impact:

Avoid unexpected results running various Oracle utilities



Risk:

Setting this variable can cause problems for various Oracle components, and it is never necessary for CRS programs because they all have wrapper scripts.



Action / Repair:

Unset ORA_CRS_HOME in the execution environment.  If a variable is needed for automation purposes or convenience then use a different variable name (e.g., GI_HOME, etc.)
 </pre>]]></Recommendation>
        <Links><![CDATA[<li><a href="https://support.oracle.com/epmos/faces/DocumentDisplay?parent=orachkReport&sourceId=DATABASE&id=1312225.1" target="_blank">Note: 1312225.1 - Things to Consider Before Upgrading to 11.2.0.2 Grid Infrastructure</a></li>]]></Links>
    </Check>
    <Check id="5ADCECF64757E914E0401490CACF4BBD">
        <Recommendation><![CDATA[<pre> Summary of settings:

net.core.rmem_default =262144
net.core.rmem_max = 2097152 (10g)
net.core.rmem_max = 4194304 (11g and above)  

net.core.wmem_default =262144
net.core.wmem_max =1048576
 </pre>]]></Recommendation>
        <Links><![CDATA[<li><a href="http://download.oracle.com/docs/cd/B28359_01/install.111/b32002/pre_install.htm#insertedID8" target="_blank">Configuring Kernel Parameters </a></li>]]></Links>
    </Check>
    <Check id="5ADD88EC8E0AFF2EE0401490CACF0C10">
        <Recommendation><![CDATA[<pre> Summary of settings:

net.core.rmem_default =262144
net.core.rmem_max = 2097152 (10g)
net.core.rmem_max = 4194304 (11g and above)  

net.core.wmem_default =262144
net.core.wmem_max =1048576
 </pre>]]></Recommendation>
        <Links><![CDATA[<li><a href="http://download.oracle.com/docs/cd/B28359_01/install.111/b32002/pre_install.htm#insertedID8" target="_blank">Configuring Kernel Parameters </a></li>]]></Links>
    </Check>
    <Check id="5ADE14B5205111D1E0401490CACF673B">
        <Recommendation><![CDATA[<pre> Summary of settings:

net.core.rmem_default =262144
net.core.rmem_max = 2097152 (10g)
net.core.rmem_max = 4194304 (11g and above)  

net.core.wmem_default =262144
net.core.wmem_max =1048576
 </pre>]]></Recommendation>
        <Links><![CDATA[<li><a href="http://download.oracle.com/docs/cd/B28359_01/install.111/b32002/pre_install.htm#insertedID8" target="_blank">Configuring Kernel Parameters </a></li>]]></Links>
    </Check>
    <Check id="5DC7EBCB6B72E046E0401490CACF321A">
        <Recommendation><![CDATA[<pre> Underscores should not be used in a  host or domainname..

 According to RFC952 - DoD Internet host table specification 
The same applies for Net, Host, Gateway, or Domain name.


 </pre>]]></Recommendation>
        <Links><![CDATA[<li><a href="http://www.faqs.org/rfcs/rfc952.html" target="_blank">RFC 952 - FAQ </a></li>]]></Links>
    </Check>
    <Check id="6050196F644254BDE0401490CACF203D">
        <Recommendation><![CDATA[<pre> Summary of settings:

net.core.rmem_default =262144
net.core.rmem_max = 2097152 (10g)
net.core.rmem_max = 4194304 (11g and above)  

net.core.wmem_default =262144
net.core.wmem_max =1048576
 </pre>]]></Recommendation>
        <Links><![CDATA[<li><a href="http://download.oracle.com/docs/cd/B28359_01/install.111/b32002/pre_install.htm#insertedID8" target="_blank">Configuring Kernel Parameters </a></li>]]></Links>
    </Check>
    <Check id="65414495B2047F26E0401490CACF0FED">
        <Recommendation><![CDATA[<pre> 
Benefit / Impact:

Oracle Clusterware automatically creates OCR backups every four hours. At any one time, Oracle Database always retains the last three  backup copies of the OCR. The CRSD process that creates the backups also creates and retains an OCR backup for each full day and at the end of each week.

Risk:

Missing backup causes severe issues for OCR recovery operations

Action / Repair:

To check the backup configuration of OCR, run the following command: 

# $CRS_HOME/bin/ocrconfig -showbackup auto 

The result should list 5 backup files. Three of them are the most recent backups created every four hours within the latest 12 hours, the rest two are for the previous day and the previous week respectively. 
 </pre>]]></Recommendation>
        <Links><![CDATA[]]></Links>
    </Check>
    <Check id="6556EAA74E28214FE0401490CACF6C89">
        <Recommendation><![CDATA[<pre> 
Benefit / Impact:

Oracle recommends to clean up unwanted log files or archive them to reclaim  disk place. There is no impact from checking the old log files in client directory in CRS_HOME

Risk:

Having many old log files in $CRS_HOME/log/hostname/client directory can cause CRS performance issue.  So please delete log files older than 15 days.


Action / Repair:

To check the number of log files in the $CRS_HOME/log/hostname/client directory, run the command: 
# ls $CRS_HOME/log/hostname/client | wc -l 
If the result is very large, please delete the oldest log files from the directory. 
 </pre>]]></Recommendation>
        <Links><![CDATA[]]></Links>
    </Check>
    <Check id="6580DCAAE8A28F5BE0401490CACF6186">
        <Recommendation><![CDATA[<pre> A message in the alert.log similar to the one below is indicative of /proc/sys/fs/aio-max-nr being too low but you should set this to 1048576 proactively and even increase it if you get a similar message.  A problem in this area could lead to availability issues.

Warning: OS async I/O limit 128 is lower than recovery batch 1024
 </pre>]]></Recommendation>
        <Links><![CDATA[<li><a href="https://support.oracle.com/epmos/faces/DocumentDisplay?parent=orachkReport&sourceId=DATABASE&id=471846.1" target="_blank">Note: 471846.1 - Warning: OS async I/O limit 128 is lower than recovery batch 1024 in Alert log</a></li>]]></Links>
    </Check>
    <Check id="66959FC16B423896E040E50A1EC07CDC">
        <Recommendation><![CDATA[<pre> 
Benefit / Impact:

SEMOPM should be set &gt;= 100 

Risk:

Kernel Parameter SEMOPM Is Lower Than The Recommended Value

Action / Repair:

SEMOPM should be set &gt;= 100 
 </pre>]]></Recommendation>
        <Links><![CDATA[<li><a href="https://support.oracle.com/epmos/faces/DocumentDisplay?parent=orachkReport&sourceId=DATABASE&id=1587357.1" target="_blank">Note: 1587357.1 - Oracle Database (RDBMS) on Unix AIX,HP-UX,Linux,Solaris and MS Windows Operating Systems Installation and Configuration</a></li><li><a href="http://download.oracle.com/docs/cd/B28359_01/install.111/b32002/pre_install.htm#insertedID8" target="_blank">Configuring Kernel Parameters </a></li><li><a href="https://support.oracle.com/epmos/faces/DocumentDisplay?parent=orachkReport&sourceId=DATABASE&id=169706.1" target="_blank">Note: 169706.1 - Oracle Database OS Installation and Configuration Requirements Quick Reference</a></li>]]></Links>
    </Check>
    <Check id="6696C7B368784A66E040E50A1EC01B92">
        <Recommendation><![CDATA[<pre> SEMMNI should be set &gt;= 128
 </pre>]]></Recommendation>
        <Links><![CDATA[<li><a href="https://support.oracle.com/epmos/faces/DocumentDisplay?parent=orachkReport&sourceId=DATABASE&id=1587357.1" target="_blank">Note: 1587357.1 - Oracle Database (RDBMS) on Unix AIX,HP-UX,Linux,Solaris and MS Windows Operating Systems Installation and Configuration</a></li><li><a href="http://download.oracle.com/docs/cd/B28359_01/install.111/b32002/pre_install.htm#insertedID8" target="_blank">Configuring Kernel Parameters </a></li><li><a href="https://support.oracle.com/epmos/faces/DocumentDisplay?parent=orachkReport&sourceId=DATABASE&id=169706.1" target="_blank">Note: 169706.1 - Oracle Database OS Installation and Configuration Requirements Quick Reference</a></li>]]></Links>
    </Check>
    <Check id="6697946779AC8AD3E040E50A1EC03C0E">
        <Recommendation><![CDATA[<pre> SEMMSL should be set &gt;= 250
 </pre>]]></Recommendation>
        <Links><![CDATA[<li><a href="https://support.oracle.com/epmos/faces/DocumentDisplay?parent=orachkReport&sourceId=DATABASE&id=1587357.1" target="_blank">Note: 1587357.1 - Oracle Database (RDBMS) on Unix AIX,HP-UX,Linux,Solaris and MS Windows Operating Systems Installation and Configuration</a></li><li><a href="http://download.oracle.com/docs/cd/B28359_01/install.111/b32002/pre_install.htm#insertedID8" target="_blank">Configuring Kernel Parameters </a></li><li><a href="https://support.oracle.com/epmos/faces/DocumentDisplay?parent=orachkReport&sourceId=DATABASE&id=169706.1" target="_blank">Note: 169706.1 - Oracle Database OS Installation and Configuration Requirements Quick Reference</a></li>]]></Links>
    </Check>
    <Check id="669862F59599CA2AE040E50A1EC018FD">
        <Recommendation><![CDATA[<pre> SEMMNS should be set &gt;= 32000
 </pre>]]></Recommendation>
        <Links><![CDATA[<li><a href="https://support.oracle.com/epmos/faces/DocumentDisplay?parent=orachkReport&sourceId=DATABASE&id=1587357.1" target="_blank">Note: 1587357.1 - Oracle Database (RDBMS) on Unix AIX,HP-UX,Linux,Solaris and MS Windows Operating Systems Installation and Configuration</a></li><li><a href="http://download.oracle.com/docs/cd/B28359_01/install.111/b32002/pre_install.htm#insertedID8" target="_blank">Configuring Kernel Parameters </a></li><li><a href="https://support.oracle.com/epmos/faces/DocumentDisplay?parent=orachkReport&sourceId=DATABASE&id=169706.1" target="_blank">Note: 169706.1 - Oracle Database OS Installation and Configuration Requirements Quick Reference</a></li>]]></Links>
    </Check>
    <Check id="7EDDA570A1827FBAE040E50A1EC02EB1">
        <Recommendation><![CDATA[<pre> 
Benefit / Impact:

The oradism executable is invoked after database startup to change the scheduling priority of LMS and other database background processes to the realtime scheduling class in order to maximize the ability of these key processes to be scheduled on the CPU in a timely way at times of high CPU utilization.

Risk:

The oradism executable should be owned by root and the owner s-bit should be set, e.g., -rwsr-x---, where the s is the setuid bit (s-bit) for root in this case.  If the LMS process is not running at the proper scheduling priority it can lead to instance evictions due to IPC send timeouts or ORA-29740 errors.  oradism must be owned by root and it's s-bit set in order to be able to change the scheduling priority.   If oradism ownership is not root and the owner s-bit is not set then something must have gone wrong in the installation process or the ownership or the permission was otherwise changed.

Action / Repair:

Please check with Oracle Support to determine the best course to take for your platform to correct the problem.
 </pre>]]></Recommendation>
        <Links><![CDATA[]]></Links>
    </Check>
    <Check id="7EDE9EBEC9429FBAE040E50A1EC03AED">
        <Recommendation><![CDATA[<pre> 
Benefit / Impact:

The oradism executable is invoked after database startup to change the scheduling priority of LMS and other database background processes to the realtime scheduling class in order to maximize the ability of these key processes to be scheduled on the CPU in a timely way at times of high CPU utilization.



Risk:

The oradism executable should be owned by root and the owner s-bit should be set, e.g., -rwsr-x---, where the s is the setuid bit (s-bit) for root in this case.  If the LMS process is not running at the proper scheduling priority it can lead to instance evictions due to IPC send timeouts or ORA-29740 errors.  oradism must be owned by root and it's s-bit set in order to be able to change the scheduling priority.   If oradism ownership is not root and the owner s-bit is not set then something must have gone wrong in the installation process or the ownership or the permission was otherwise changed.  



Action / Repair:

Please check with Oracle Support to determine the best course to take for your platform to correct the problem.
 </pre>]]></Recommendation>
        <Links><![CDATA[]]></Links>
    </Check>
    <Check id="841A3A9F4A73AC6AE040E50A1EC03FC0">
        <Recommendation><![CDATA[<pre> This recommendation represents a change or deviation from the documented values and should be considered a temporary measure until the code addresses the problem in a more permanent way.

Problem Statement: 
------------------ 
The soft limit of nproc is not adjusted at runtime by the database. As a 
result, if that limit is reached, the database may become unstable since it 
will fail to fork additional processes. 

Workaround: 
----------- 
Ensure that the soft limit for nproc in /etc/security/limits.conf is set high 
enough to accommodate the maximum number of concurrent threads on the system 
for the given workload. If in doubt, set it to the hard limit. For example: 

oracle  soft    nproc   16384 
oracle  hard    nproc   16384

The soft nproc shell limit for the Oracle DB software install owner as defined in /etc/security/limits.conf should be &gt;= 2047.  So the above advice of setting soft nproc = hard nproc = 16384 should be considered a temporary proactive measure to avoid the possibility of the database not being able to fork enough processes.
 </pre>]]></Recommendation>
        <Links><![CDATA[<li><a href="https://support.oracle.com/epmos/faces/DocumentDisplay?parent=orachkReport&sourceId=DATABASE&id=1587357.1" target="_blank">Note: 1587357.1 - Oracle Database (RDBMS) on Unix AIX,HP-UX,Linux,Solaris and MS Windows Operating Systems Installation and Configuration</a></li><li><a href="https://support.oracle.com/epmos/faces/DocumentDisplay?parent=orachkReport&sourceId=DATABASE&id=169706.1" target="_blank">Note: 169706.1 - Oracle Database OS Installation and Configuration Requirements Quick Reference</a></li><li><a href="http://docs.oracle.com/cd/E11882_01/install.112/e41961/prelinux.htm#CWLIN249" target="_blank">Setting Resource Limits for the Oracle Software Installation Users </a></li><li><a href="https://support.oracle.com/epmos/faces/DocumentDisplay?parent=orachkReport&sourceId=DATABASE&id=392006.1" target="_blank">Note: 392006.1 - Ora-27300 OS system dependent operation:fork failed with status: 11</a></li>]]></Links>
    </Check>
    <Check id="841A3A9F4A74AC6AE040E50A1EC03FC0">
        <Recommendation><![CDATA[<pre> The hard nofile shell limit for the Oracle DB software install owner as defined in /etc/security/limits.conf should be &gt;= 65536.
 </pre>]]></Recommendation>
        <Links><![CDATA[<li><a href="http://docs.oracle.com/cd/E11882_01/install.112/e41961/prelinux.htm#CWLIN249" target="_blank">Setting Resource Limits for the Oracle Software Installation Users </a></li>]]></Links>
    </Check>
    <Check id="841E706550975C68E040E50A1EC05EFB">
        <Recommendation><![CDATA[<pre> The hard nproc shell limit for the Oracle DB software install owner as defined in /etc/security/limits.conf should be &gt;= 16384.
 </pre>]]></Recommendation>
        <Links><![CDATA[<li><a href="http://docs.oracle.com/cd/E11882_01/install.112/e41961/prelinux.htm#CWLIN249" target="_blank">Setting Resource Limits for the Oracle Software Installation Users </a></li>]]></Links>
    </Check>
    <Check id="841F0977B92F0185E040E50A1EC070BB">
        <Recommendation><![CDATA[<pre> 
Benefit / Impact:

The soft nproc shell limit for the Oracle DB software install owner as defined in /etc/security/limits.conf should be &gt;= 2047.

Risk:

The hard stack shell limit for the Oracle DB software install owner as defined in /etc/security/limits.conf should be &gt;= 10240.  As long as the hard stack limit is 10240 or above then the configuration should be OK.



Action / Repair:

Change DB software install owner hard stack shell limit

$ ulimit -Hs
10240


 </pre>]]></Recommendation>
        <Links><![CDATA[]]></Links>
    </Check>
    <Check id="8449C298FC0EF19CE040E50A1EC00965">
        <Recommendation><![CDATA[<pre> The hard stack shell limit for the Oracle DB software install owner as defined in /etc/security/limits.conf should be &gt;= 10240.

What's being checked here is the /etc/security/limits.conf file as documented in 11gR2 Grid Infrastructure  Installation Guide, section 2.15.3 Setting Resource Limits for the Oracle Software Installation Users.  

If the /etc/security/limits.conf file is not configured as described in the documentation then to check the hard stack configuration while logged into the software owner account (e.g., oracle).

$ ulimit -Hs
10240

As long as the hard stack limit is 10240 or above then the configuration should be OK.
 </pre>]]></Recommendation>
        <Links><![CDATA[<li><a href="http://docs.oracle.com/cd/E11882_01/install.112/e41961/prelinux.htm#CWLIN249" target="_blank">Setting Resource Limits for the Oracle Software Installation Users </a></li>]]></Links>
    </Check>
    <Check id="84C193C69EE36512E040E50A1EC06466">
        <Recommendation><![CDATA[<pre> Starting with Oracle Clusterware 11gR1, ip_local_port_range should be between 9000 (minimum) and 65500 (maximum).
 </pre>]]></Recommendation>
        <Links><![CDATA[<li><a href="http://download.oracle.com/docs/cd/B28359_01/install.111/b32002/pre_install.htm#insertedID8" target="_blank">Configuring Kernel Parameters </a></li>]]></Links>
    </Check>
    <Check id="8529D3798EA039F3E040E50A1EC07218">
        <Recommendation><![CDATA[<pre> it is important to ensure that your public interface is properly marked as public and not private. This can be checked with the oifcfg getif command. If it is inadvertently marked private, you can get errors such as "OS system dependent operation:bind failed with status" and "OS failure message: Cannot assign requested address". It can be corrected with a command like oifcfg setif -global eth0/&lt;public IP address&gt;:public
 </pre>]]></Recommendation>
        <Links><![CDATA[]]></Links>
    </Check>
    <Check id="856A9B77AF14DD9FE040E50A1EC00285">
        <Recommendation><![CDATA[<pre> On Rhel4 u3 x86_64 2.6.9-34.ELsmp kernel , when selinux is enabled, rpm
installation gives the error:
'scriptlet failed, exit status 255'

The default selinux settings are used
# cat /etc/sysconfig/selinux
SELINUX=enforcing
SELINUXTYPE=targeted
e.g. on installing asm rpms:
# rpm -ivh *.rpm
Preparing...                ###########################################
[100%]
  1:oracleasm-support      ########################################### [33%]
  error: %post(oracleasm-support-2.0.2-1.x86_64) scriptlet failed, exit status 255
  2:oracleasm-2.6.9-34.ELsm########################################### [67%]
  error: %post(oracleasm-2.6.9-34.ELsmp-2.0.2-1.x86_64) scriptlet failed, exit status 255
   3:oracleasmlib           ###########################################  [100%]

However, asm rpms gets installed
# rpm -qa | grep asm
oracleasm-support-2.0.2-1
oracleasmlib-2.0.2-1
oracleasm-2.6.9-34.ELsmp-2.0.2-1

There is no error during oracleasm configure, creadisks, Also, oracleasm is able to start on reboot and the tests done around rac/asm seems to be fine.

# rpm -q -a | grep -i selinux
selinux-policy-targeted-1.17.30-2.126
selinux-policy-targeted-sources-1.17.30-2.126
libselinux-1.19.1-7
libselinux-1.19.1-7

Solution
--
If the machine is installed with selinux --disabled, it is possible that the selinux related pre/post activities have not been performed during the installation and as a result extended attribute is not getting set for /bin/*sh 

1. ensure that the kickstart config file does not have 'selinux --disabled'
Also, not specifying selinux in the config file will default to selinux --enforcing and the extended attribute will get set for /bin/*sh 
OR
2. If the machine has been installed with selinux --disabled then perform the below step manually # setfattr -n security.selinux --value="system_u:object_r:shell_exec_t\000"
bin/sh 
 </pre>]]></Recommendation>
        <Links><![CDATA[<li><a href="https://support.oracle.com/epmos/faces/DocumentDisplay?parent=orachkReport&sourceId=DATABASE&id=457458.1" target="_blank">Note: 457458.1 - How to Disable or set SELinux to Permissive mode</a></li><li><a href="https://support.oracle.com/epmos/faces/DocumentDisplay?parent=orachkReport&sourceId=DATABASE&id=790470.1" target="_blank">Note: 790470.1 - ASMCMD fails to start on module libnnz10.so, permission denied</a></li><li><a href="https://support.oracle.com/epmos/faces/DocumentDisplay?parent=orachkReport&sourceId=DATABASE&id=454196.1" target="_blank">Note: 454196.1 - ./sqlplus: error on libnnz11.so: cannot restore segment prot after reloc</a></li>]]></Links>
    </Check>
    <Check id="90E150135F6859C4E040E50A1EC01FF5">
        <Recommendation><![CDATA[<pre> The CSS misscount parameter represents the maximum time, in seconds, that a network heartbeat can be missed before entering into a cluster reconfiguration to evict the node
 </pre>]]></Recommendation>
        <Links><![CDATA[<li><a href="https://support.oracle.com/epmos/faces/DocumentDisplay?parent=orachkReport&sourceId=DATABASE&id=294430.1" target="_blank">Note: 294430.1 - CSS Timeout Computation in Oracle Clusterware</a></li>]]></Links>
    </Check>
    <Check id="87604C73D768DF7AE040E50A1EC0566B">
        <Recommendation><![CDATA[<pre> 
Benefit / Impact:

Stability, Availability



Risk:

Cluster instability



Action / Repair:

Voting disks that are not online would indicate a problem with the clusterware
and should be investigated as soon as possible.  All voting disks are expected to be ONLINE.

Use the following command to list the status of the voting disks

$CRS_HOME/bin/crsctl query css votedisk|sed 's/^ //g'|grep ^[0-9]

The output should look similar to the following, one row were voting disk, all disks should indicate ONLINE

1. ONLINE   192c8f030e5a4fb3bf77e43ad3b8479a (o/192.168.10.102/DBFS_DG_CD_02_sclcgcel01) [DBFS_DG]
2. ONLINE   2612d8a72d194fa4bf3ddff928351c41 (o/192.168.10.104/DBFS_DG_CD_02_sclcgcel03) [DBFS_DG]
3. ONLINE   1d3cceb9daeb4f0bbf23ee0218209f4c (o/192.168.10.103/DBFS_DG_CD_02_sclcgcel02) [DBFS_DG]
 </pre>]]></Recommendation>
        <Links><![CDATA[]]></Links>
    </Check>
    <Check id="8914F5D0A9AB85BAE040E50A1EC04A31">
        <Recommendation><![CDATA[<pre> 
Benefit / Impact:

Application scalability and/or availability



Risk:

Potential reduced scalability and/or availability of applications



Action / Repair:

The recommended number of SCAN listeners is 3....  See the referenced document for more details.
 </pre>]]></Recommendation>
        <Links><![CDATA[<li><a href="http://www.oracle.com/technetwork/products/clustering/overview/scan-129069.pdf" target="_blank">SINGLE CLIENT ACCESS NAME (SCAN) </a></li>]]></Links>
    </Check>
    <Check id="898E1DF96754C57FE040E50A1EC03224">
        <Recommendation><![CDATA[<pre> 
Benefit / Impact:

According to MOS Note 337737.1, CRS version must be higher or equal to ASM version to guarantee version compatibility.

Risk:

If CRS version is older than ASM version, ASM will not be supported

Action / Repair:

The script  below compares the two version values. 
 echo $ver_asm $ver_crs | awk '{ 
        split($1, a, "."); 
        split($2, b, "."); 
        for (i = 1; i &lt;= 4; i++) 
            if (a[i] &lt; b[i]) { 
                print "pass"; 
                break; 
            } else if (a[i] &gt; b[i]) { 
                print "fail"; 
                break; 
            } else if (i == 4) 
                print "pass"; 
 }' 
 . 
 The output should indicate pass if CRS version is higher than or equal to  ASM version or fail vice versa. 
 </pre>]]></Recommendation>
        <Links><![CDATA[<li><a href="https://support.oracle.com/epmos/faces/DocumentDisplay?parent=orachkReport&sourceId=DATABASE&id=337737.1" target="_blank">Note: 337737.1 - Oracle Clusterware (CRS/GI) - ASM - Database Version Compatibility</a></li>]]></Links>
    </Check>
    <Check id="8E19457488167806E040E50A1EC00310">
        <Recommendation><![CDATA[<pre> CRSD trace file should owned by "root:root", but due to Bug 9837321application of patch may have resulted in changing the trace file ownership for patching and not changing it back.
 </pre>]]></Recommendation>
        <Links><![CDATA[<li>Oracle Bug # 9837321 - Bug 9837321 - Ownership of crsd traces gets changed from root by patching script - OWNERSHIP OF CRSD TRACES GOT CHANGE FROM ROOT TO ORACLE BY PATCHING SCRIPT</li>]]></Links>
    </Check>
    <Check id="8E197A76D887BAC4E040E50A1EC07E0B">
        <Recommendation><![CDATA[<pre> Due to Bug 9837321 or if for any other reason the ownership of certain clusterware related log files is changed incorrectly it could result in important diagnostics not being available when needed by Support.  These logs are rotated periodically to keep them from growing unmanageably large and if the ownership of the files is incorrect when it is time to rotate the logs that operation could fail and while that doesn't effect the operation of the clusterware itself it would effect the logging and therefore problem diagnostics.  So it would be wise to verify that the ownership of the following files is root:root:

$ls -l $GRID_HOME/log/`hostname`/crsd/*
$ls -l $GRID_HOME/log/`hostname`/ohasd/*
$ls -l $GRID_HOME/log/`hostname`/agent/crsd/orarootagent_root/*
$ls -l $GRID_HOME/log/`hostname`/agent/ohasd/orarootagent_root/*

If any of those files' ownership is NOT root:root then you should change the ownership of the files individually or as follows (as root):

# chown root:root $GRID_HOME/log/`hostname`/crsd/*
# chown root:root $GRID_HOME/log/`hostname`/ohasd/*
# chown root:root $GRID_HOME/log/`hostname`/agent/crsd/orarootagent_root/*
# chown root:root $GRID_HOME/log/`hostname`/agent/ohasd/orarootagent_root/*
 </pre>]]></Recommendation>
        <Links><![CDATA[<li>Oracle Bug # 9837321 - CSS Timeout Computation in Oracle Clusterware - OWNERSHIP OF CRSD TRACES GOT CHANGE FROM ROOT TO ORACLE BY PATCHING SCRIPT</li><li><a href="https://support.oracle.com/epmos/faces/DocumentDisplay?parent=orachkReport&sourceId=DATABASE&id=9837321.8" target="_blank">Note: 9837321.8 - Bug 9837321 - Ownership of crsd traces gets changed from root by patching script</a></li>]]></Links>
    </Check>
    <Check id="8E1A46CB0BDA0608E040E50A1EC022CD">
        <Recommendation><![CDATA[<pre> Due to Bug 9837321 or if for any other reason the ownership of certain clusterware related log files is changed incorrectly it could result in important diagnostics not being available when needed by Support.  These logs are rotated periodically to keep them from growing unmanageably large and if the ownership of the files is incorrect when it is time to rotate the logs that operation could fail and while that doesn't effect the operation of the clusterware itself it would effect the logging and therefore problem diagnostics.  So it would be wise to verify that the ownership of the following files is root:root:

$ls -l $GRID_HOME/log/`hostname`/crsd/*
$ls -l $GRID_HOME/log/`hostname`/ohasd/*
$ls -l $GRID_HOME/log/`hostname`/agent/crsd/orarootagent_root/*
$ls -l $GRID_HOME/log/`hostname`/agent/ohasd/orarootagent_root/*

If any of those files' ownership is NOT root:root then you should change the ownership of the files individually or as follows (as root):

# chown root:root $GRID_HOME/log/`hostname`/crsd/*
# chown root:root $GRID_HOME/log/`hostname`/ohasd/*
# chown root:root $GRID_HOME/log/`hostname`/agent/crsd/orarootagent_root/*
# chown root:root $GRID_HOME/log/`hostname`/agent/ohasd/orarootagent_root/*
 </pre>]]></Recommendation>
        <Links><![CDATA[<li>Oracle Bug # 9837321 - OWNERSHIP OF CRSD TRACES GOT CHANGE FROM ROOT TO ORACLE BY PATCHING SCRIPT</li>]]></Links>
    </Check>
    <Check id="8E1B5EE973BAA8C6E040E50A1EC0622E">
        <Recommendation><![CDATA[<pre> Due to Bug 9837321 or if for any other reason the ownership of certain clusterware related log files is changed incorrectly it could result in important diagnostics not being available when needed by Support.  These logs are rotated periodically to keep them from growing unmanageably large and if the ownership of the files is incorrect when it is time to rotate the logs that operation could fail and while that doesn't effect the operation of the clusterware itself it would effect the logging and therefore problem diagnostics.  So it would be wise to verify that the ownership of the following files is root:root:

$ls -l $GRID_HOME/log/`hostname`/crsd/*
$ls -l $GRID_HOME/log/`hostname`/ohasd/*
$ls -l $GRID_HOME/log/`hostname`/agent/crsd/orarootagent_root/*
$ls -l $GRID_HOME/log/`hostname`/agent/ohasd/orarootagent_root/*

If any of those files' ownership is NOT root:root then you should change the ownership of the files individually or as follows (as root):

# chown root:root $GRID_HOME/log/`hostname`/crsd/*
# chown root:root $GRID_HOME/log/`hostname`/ohasd/*
# chown root:root $GRID_HOME/log/`hostname`/agent/crsd/orarootagent_root/*
# chown root:root $GRID_HOME/log/`hostname`/agent/ohasd/orarootagent_root/*
 </pre>]]></Recommendation>
        <Links><![CDATA[<li>Oracle Bug # 9837321 - OWNERSHIP OF CRSD TRACES GOT CHANGE FROM ROOT TO ORACLE BY PATCHING SCRIPT</li><li><a href="https://support.oracle.com/epmos/faces/DocumentDisplay?parent=orachkReport&sourceId=DATABASE&id=9837321.8" target="_blank">Note: 9837321.8 - Bug 9837321 - Ownership of crsd traces gets changed from root by patching script</a></li>]]></Links>
    </Check>
    <Check id="90DCECE833790E9DE040E50A1EC0750A">
        <Recommendation><![CDATA[<pre> Reboot time (default 3 seconds) is the amount of time allowed for a node to complete a reboot after the CSS daemon has been evicted.
 </pre>]]></Recommendation>
        <Links><![CDATA[<li><a href="https://support.oracle.com/epmos/faces/DocumentDisplay?parent=orachkReport&sourceId=DATABASE&id=294430.1" target="_blank">Note: 294430.1 - CSS Timeout Computation in Oracle Clusterware</a></li><li><a href="http://docs.oracle.com/cd/E16655_01/rac.121/e17886/crsref.htm#CWADD92198" target="_blank">12.1 CRSCTL Utility Reference </a></li><li><a href="http://docs.oracle.com/cd/E11882_01/rac.112/e41959/crsref.htm#CWADD92198" target="_blank">CRSCTL Utility Reference </a></li>]]></Links>
    </Check>
    <Check id="951C025701C65CC5E040E50A1EC0371F">
        <Recommendation><![CDATA[<pre> 
Benefit / Impact:

OSWatcher is used to collect and archive operating system and network metrics to aid support in diagnosing performance issues. Checking OSWatcher status helps to ensure critical data is available for analysis when system occurring issues. 
 
There is no impact from verifying the OSWatcher status. 

Risk:

When OSWatcher is not running, data is not gathered on a regular basis. System engineers may not be able to monitor system health, to analyze and resolve issues, which may result in much longer maintenance windows. 

Action / Repair: 
To check the current status of OSWatcher, run the command: 

# ps -elf | grep OSWatcher  | grep -v grep 
 
To start, stop or reset the OSWatcher utility, please reference the latest OSWatcher User's Guide (Doc ID 1531223.1) : 
 </pre>]]></Recommendation>
        <Links><![CDATA[<li><a href="https://support.oracle.com/epmos/faces/DocumentDisplay?parent=orachkReport&sourceId=DATABASE&id=1531223.1" target="_blank">Note: 1531223.1 - OS Watcher User's Guide</a></li><li><a href="https://support.oracle.com/epmos/faces/DocumentDisplay?parent=orachkReport&sourceId=DATABASE&id=301137.1" target="_blank">Note: 301137.1 - OS Watcher User Guide</a></li>]]></Links>
    </Check>
    <Check id="5E4956EE574FB034E0401490CACF2F84">
        <Recommendation><![CDATA[<pre> A performance improvement can be seen with MTU frame size of approximately 9000.  Check with your SA and network admin first and if possible, configure jumbo frames for the interconnect.  Depending upon your network gear the supported frame sizes may vary between NICs and switches.  The highest setting supported by BOTH devices should be considered.  Please see below referenced notes for more detail specific to platform.    

To validate whether jumbo frames are configured correctly end to end (ie., NICs and switches), run the following commands as root.  Invoking ping using a specific interface requires root.

export CRS_HOME= To your GI or clusterware home like export CRS_HOME=/u01/app/12.1.0/grid

/bin/ping -s 9000 -c 2 -M do -I `$CRS_HOME/bin/oifcfg getif |grep cluster_interconnect|tail -1|awk '{print $1}'` hostname 

Substitute your frame size as required for 9000 in the above command.  The actual frame size varies from one networking vendor to another.

If you get errors similar to the  following then jumbo frames are not configured properly for your frame size.

From 192.168.122.186 icmp_seq=1 Frag needed and DF set (mtu = 1500)
From 192.168.122.186 icmp_seq=1 Frag needed and DF set (mtu = 1500)

--- hostname@company.com ping statistics ---
0 packets transmitted, 0 received, +2 errors


if jumbo frames are configured properly for your frame size you should obtain output similar to the following:

9000 bytes from hostname (10.208.111.43): icmp_seq=1 ttl=64 time=0.683 ms
9000 bytes from hostname(10.208.111.43): icmp_seq=2 ttl=64 time=0.243 ms

--- hostname ping statistics ---
2 packets transmitted, 2 received, 0% packet loss, time 1000ms
rtt min/avg/max/mdev = 0.243/0.463/0.683/0.220 ms
 </pre>]]></Recommendation>
        <Links><![CDATA[<li><a href="http://www.cisco.com/en/US/products/hw/switches/ps700/products_configuration_example09186a008010edab.shtml" target="_blank">CISCO GIANT/JUMBO sized frame support </a></li><li><a href="http://darkwing.uoregon.edu/~joe/jumbo-clean-gear.html" target="_blank">JUMBO Frame Clean Network Gear </a></li><li><a href="http://www.intel.com/support/network/adapter/index.htm" target="_blank">INTEL PC1000 Network info </a></li><li><a href="https://support.oracle.com/epmos/faces/DocumentDisplay?parent=orachkReport&sourceId=DATABASE&id=563566.1" target="_blank">Note: 563566.1 - GC Lost Blocks Diagnostics</a></li><li><a href="https://blogs.oracle.com/XPSONHA/entry/jumbo_frames_for_rac_interconn_1" target="_blank">Jumbo Frames for RAC Interconnect </a></li><li><a href="https://support.oracle.com/epmos/faces/DocumentDisplay?parent=orachkReport&sourceId=DATABASE&id=341788.1" target="_blank">Note: 341788.1 - Recommendation for the Real Application Cluster Interconnect and Jumbo Frames</a></li><li><a href="http://kb.netgear.com/app/answers/detail/a_id/222" target="_blank">Netgear - What is the Jumbo Frame Supported by Switches and Adapters? </a></li>]]></Links>
    </Check>
    <Check id="9AC3FDBB9F8B8500E040E50A1EC06311">
        <Recommendation><![CDATA[<pre> 
Benefit / Impact:

In order to achieve fast disk scan rates with today's disk technology, it is important that segments be laid out on disk with at least 4MB of contiguous disk space. This allows disk scans to read 4MB of data from disk before having to perform a seek to another location on disk and therefore ensures that most of the time during a scan is spent transferring data from disk.



Risk:

Time could be spent seeking between disk locations for data. 



Action / Repair:

To ensure that segments are laid out with 4MB of contiguous data on disk, you will need to set the ASM allocation unit (AU) size to 4MB and ensure that data file extents are at least 4MB in size. The ASM allocation unit can be specified when a disk group is created. For Exadata, we recommend setting the AU size to 4MB. The ASM allocation unit size (AU_SIZE) can be set at disk group creation time as can be seen in the following example:

CREATE diskgroup data normal redundancy 
DISK 'o/*/DATA*'
ATTRIBUTE 
          'AU_SIZE' = '4M',
          'cell.smart_scan_capable'='TRUE',
          'compatible.rdbms'='11.2.0.0', 
          'compatible.asm'='11.2.0.0';
 </pre>]]></Recommendation>
        <Links><![CDATA[]]></Links>
    </Check>
    <Check id="9DEBED7B8DAB583DE040E50A1EC01BA0">
        <Recommendation><![CDATA[<pre> 
Benefit / Impact:

The audit file destination directories for an ASM instance can grow to contain a very large number of files if they are not regularly maintained. Use the Linux cron(8) utility and the find(1) command to manage the number of files in the audit file destination directories.

The impact of using cron(8) and find(1) to manage the number of files in the audit file destination directories is minimal.



Risk:

Having a very large number of files can cause the file system to run out of free disk space or inodes, or can cause Oracle to run very slowly due to file system directory scaling limits, which can have the appearance that the ASM instance is hanging on startup.



Action / Repair:

Refer to the referenced MOS Note
 </pre>]]></Recommendation>
        <Links><![CDATA[<li><a href="https://support.oracle.com/epmos/faces/DocumentDisplay?parent=orachkReport&sourceId=DATABASE&id=1298957.1" target="_blank">Note: 1298957.1 - Manage Audit File Directory Growth with cron</a></li>]]></Links>
    </Check>
    <Check id="9EB3D82B8232CFAEE040E50A1EC04D89">
        <Recommendation><![CDATA[<pre> The soft nofile shell limit for the Oracle GI software install owner defined in /etc/security/limits.conf should be &gt;= 1024.
 </pre>]]></Recommendation>
        <Links><![CDATA[]]></Links>
    </Check>
    <Check id="9EB72ABADE01FED3E040E50A1EC075AF">
        <Recommendation><![CDATA[<pre> The soft nproc shell limit for the Oracle GI software install owner defined in /etc/security/limits.conf should be &gt;= 2047.
 </pre>]]></Recommendation>
        <Links><![CDATA[]]></Links>
    </Check>
    <Check id="9EB7E9577DD69A73E040E50A1EC01AF6">
        <Recommendation><![CDATA[<pre> The hard nofile shell limit for the Oracle GI software install owner defined in /etc/security/limits.conf should be &gt;= 65536.
 </pre>]]></Recommendation>
        <Links><![CDATA[]]></Links>
    </Check>
    <Check id="9EB7E9577DD79A73E040E50A1EC01AF6">
        <Recommendation><![CDATA[<pre> The hard nproc shell limit for the Oracle GI software install owner defined in /etc/security/limits.conf should be &gt;= 16384.
 </pre>]]></Recommendation>
        <Links><![CDATA[]]></Links>
    </Check>
    <Check id="9EB84272626BFF6EE040E50A1EC02AF3">
        <Recommendation><![CDATA[<pre> 
Benefit / Impact:

Documented value, cluster stability

The hard nproc shell limit for the Oracle DB software install owner as defined in /etc/security/limits.conf should be &gt;= 16384.



Risk:

Resource starvation (processes) leading to node instability



Action / Repair:

Change DB software install owner hard nproc shell limit

 </pre>]]></Recommendation>
        <Links><![CDATA[]]></Links>
    </Check>
    <Check id="9EB87E6D8E55F76BE040E50A1EC035C6">
        <Recommendation><![CDATA[<pre> 
Benefit / Impact:

Documented value, cluster stability

The hard nofile shell limit for the Oracle DB software install owner as defined in /etc/security/limits.conf should be &gt;= 65536.



Risk:

Resource starvation (file descriptors) leading to node instability



Action / Repair:

Change DB software install owner hard nofile shell limit
 </pre>]]></Recommendation>
        <Links><![CDATA[]]></Links>
    </Check>
    <Check id="9EB883858764342DE040E50A1EC0359A">
        <Recommendation><![CDATA[<pre> 
Benefit / Impact:

Documented value is the /etc/security/limits.conf file as documented in 11gR2 Grid Infrastructure  Installation Guide, section 2.15.3 Setting Resource Limits for the Oracle Software Installation Users.  

If the /etc/security/limits.conf file is not configured as described in the documentation then log in to the system as the database software owner (e.g., oracle) and check the hard stack configuration as described below.

Risk:

The hard stack shell limit for the Oracle DB software install owner as defined in /etc/security/limits.conf should be &gt;= 10240.  As long as the hard stack limit is 10240 or above then the configuration should be OK.



Action / Repair:

Change DB software install owner hard stack shell limit

$ ulimit -Hs
10240


 </pre>]]></Recommendation>
        <Links><![CDATA[]]></Links>
    </Check>
    <Check id="9EB8B170DA93187EE040E50A1EC03D86">
        <Recommendation><![CDATA[<pre> The soft nproc shell limit for the Oracle DB software install owner as defined in /etc/security/limits.conf should be &gt;= 2047.
 </pre>]]></Recommendation>
        <Links><![CDATA[]]></Links>
    </Check>
    <Check id="9EB8CACD50DCE0A3E040E50A1EC040B8">
        <Recommendation><![CDATA[<pre> The hard stack shell limit for the Oracle Grid Infrastructure software install owner as defined in /etc/security/limits.conf should be &gt;= 10240.

What's being checked here is the /etc/security/limits.conf file as documented in 11gR2 Grid Infrastructure Installation Guide, section 2.15.3 Setting Resource Limits for the Oracle Software Installation Users.  

If the /etc/security/limits.conf file is not configured as described in the documentation then to check the hard stack configuration while logged into the software owner account (e.g., grid).

$ ulimit -Hs
10240

As long as the hard stack limit is 10240 or above then the configuration should be OK.

 </pre>]]></Recommendation>
        <Links><![CDATA[]]></Links>
    </Check>
    <Check id="ADEDC12238628DFBE040E50A1EC00FB9">
        <Recommendation><![CDATA[<pre> All installed software versions are intended to match the proposed patch versions in the oak repository. installed version must match in supported version in below reported data on each node. 
 </pre>]]></Recommendation>
        <Links><![CDATA[]]></Links>
    </Check>
    <Check id="ADF11818A8D19B75E040E50A1EC01E9A">
        <Recommendation><![CDATA[<pre> All shared storage checks are expected to be successful
 </pre>]]></Recommendation>
        <Links><![CDATA[]]></Links>
    </Check>
    <Check id="ADF221EFEB563930E040E50A1EC06CAE">
        <Recommendation><![CDATA[<pre> All system component checks are expected to be successful
 </pre>]]></Recommendation>
        <Links><![CDATA[]]></Links>
    </Check>
    <Check id="B88B1400EBFB01B2E0431EC0E50A9173">
        <Recommendation><![CDATA[<pre> This is required to make the shell limits work properly and applies to 10g and 11g.  From the 11g documentation:

Add the following line to the /etc/pam.d/login file, if it does not already exist:

session    required     pam_limits.so

 </pre>]]></Recommendation>
        <Links><![CDATA[]]></Links>
    </Check>
    <Check id="CDFF972C295233B6E0431EC0E50A1B90">
        <Recommendation><![CDATA[<pre> The avahi-daemon can interfere with Oracle mDNS software
 </pre>]]></Recommendation>
        <Links><![CDATA[<li><a href="https://support.oracle.com/epmos/faces/DocumentDisplay?parent=orachkReport&sourceId=DATABASE&id=1501093.1" target="_blank">Note: 1501093.1 - CSSD Fails to Join the Cluster After Private Network Recovered if avahi Daemon is up and Running</a></li>]]></Links>
    </Check>
    <Check id="D692927211732642E0431EC0E50A342B">
        <Recommendation><![CDATA[<pre> 
Benefit / Impact:

Various Oracle processes use the loopback address for checking the status of a localhost.

Risk:

Incorrect loopback address configuration in /etc/hosts may result in failure of those processes.

Action / Repair:

IP address 127.0.0.1 should only map to localhost and/or localhost.localdomain, not anything else.  

Correct configuration for the loopback address in /etc/hosts is as follows:

127.0.0.1 localhost.localdomain localhost
or
127.0.0.1 localhost  localhost.localdomain

The following configuration would be considered incorrect:

127.0.0.1  localhost  myhost.com  localhost.localdomain
or
127.0.0.1  myhost.com  localhost  localhost.localdomain

Where myhost.com is the actual hostname or network identity of the host and which should map to the public IP address

In other words, the actual short hostname and/or the fully qualified hostname should not be configured at all for the loopback address.
 
See the below referenced documents for more details on this subject.
 </pre>]]></Recommendation>
        <Links><![CDATA[<li><a href="https://support.oracle.com/epmos/faces/DocumentDisplay?parent=orachkReport&sourceId=DATABASE&id=315125.1" target="_blank">Note: 315125.1 - What to Check If The Cluster Synchronization Service Daemon (OCSSD) Does not Start</a></li><li><a href="https://support.oracle.com/epmos/faces/DocumentDisplay?parent=orachkReport&sourceId=DATABASE&id=315720.1" target="_blank">Note: 315720.1 - TNS Listener Fails To Start With Errors: TNS-12537...Error: 29: Illegal seek</a></li><li><a href="https://support.oracle.com/epmos/faces/DocumentDisplay?parent=orachkReport&sourceId=DATABASE&id=1054902.1" target="_blank">Note: 1054902.1 - How to Validate Network and Name Resolution Setup for the Clusterware and RAC</a></li>]]></Links>
    </Check>
    <Check id="D957C871B811597AE04312C0E50A91BF">
        <Recommendation><![CDATA[<pre> The GROUP_NUMBER and DISK_NUMBER columns in GV$ASM_DISK will only be valid if the disk is part of a disk group which is currently mounted by the instance. Otherwise, GROUP_NUMBER will be 0, and DISK_NUMBER will be a unique value with respect to the other disks that also have a group number of 0. Run following query to find out the disks which are not part of any disk group.

select name,path,HEADER_STATUS,GROUP_NUMBER  from gv$asm_disk where group_number=0;
 </pre>]]></Recommendation>
        <Links><![CDATA[]]></Links>
    </Check>
    <Check id="D9A5C0E2DE430A85E04312C0E50AC8B0">
        <Recommendation><![CDATA[<pre> ORA-15196 errors means ASM encountered an invalid metadata block. Please see the trace file for more information next to ORA-15196 error in ASM alert log.  If this is an old error, you can ignore this finding otherwise open service request with Oracle support to find the cause and fix it


 </pre>]]></Recommendation>
        <Links><![CDATA[]]></Links>
    </Check>
    <Check id="DA6C000F488E1C62E04313C0E50AE518">
        <Recommendation><![CDATA[<pre> Until it is confirmed by Oracle support, its not recommended to install custom RPM on Oracle database appliance.

Please work with Oracle support to validate that system has supported RPM installed.

 </pre>]]></Recommendation>
        <Links><![CDATA[]]></Links>
    </Check>
    <Check id="DC28F07D94FD1B10E04313C0E50A9FD8">
        <Recommendation><![CDATA[<pre> TFA Collector (aka TFA) is a diagnostic collection utility to simplify  diagnostic data collection on Oracle Clusterware/Grid Infrastructure and RAC  systems.  TFA is similar to the diagcollection utility packaged with Oracle  Clusterware in the fact that it collects and packages diagnostic data however  TFA is MUCH more powerful than diagcollection with its ability to centralize  and automate the collection of diagnostic information. This helps speed up  the data collection and upload process with Oracle Support, minimizing delays  in data requests and analysis.
TFA provides the following key benefits:- 
  - Encapsulates diagnostic data collection for all CRS/GI and RAC components  on all cluster nodes into a single command executed from a single node 
  - Ability to "trim" diagnostic files during data collection to reduce data  upload size 
  - Ability to isolate diagnostic data collection to a given time period 
  - Ability to centralize collected diagnostic output to a single server in  the cluster 
  - Ability to isolate diagnostic collection to a particular product  component, e.g. ASM, RDBMS, Clusterware 
  - Optional Real Time Scan Alert Logs for conditions indicating a problem (DB 
  - Alert Logs, ASM Alert Logs, Clusterware Alert Logs, etc) 
  - Optional Automatic Data Collection based off of Real Time Scan findings 
  - Optional On Demand Scan (user initialted) of all log and trace files for  conditions indicating a problem 
  - Optional Automatic Data Collection based off of On Demand Scan findings 
 </pre>]]></Recommendation>
        <Links><![CDATA[<li><a href="https://support.oracle.com/epmos/faces/DocumentDisplay?parent=orachkReport&sourceId=DATABASE&id=1513912.1" target="_blank">Note: 1513912.1 - TFA Collector- The Preferred Tool for Automatic or ADHOC Diagnostic Gathering Across All Cluster Nodes</a></li><li><a href="http://www.oracle.com/technetwork/products/clustering/overview/tracefileanalyzer-2008420.pdf" target="_blank">Trace File Analyzer Collector (TFA) </a></li>]]></Links>
    </Check>
    <Check id="D0C2640EBA071F73E0431EC0E50AA159">
        <Recommendation><![CDATA[<pre> /etc/init.d/halt file is called when system is rebooted or halt. this file must have instructions to synchronize system time to hardware clock.

it should have commands like 

[ -x /sbin/hwclock ] && action $"Syncing hardware clock to system time" /sbin/hwclock $CLOCKFLAGS
 </pre>]]></Recommendation>
        <Links><![CDATA[]]></Links>
    </Check>
    <Check id="E10E99868C34569BE04313C0E50A44C1">
        <Recommendation><![CDATA[<pre> 
Benefit / Impact:

Maintaining vm.min_free_kbytes &gt;= 524288 (512MB) && &lt;= 1048576 (1GB)  helps a Linux system to reclaim memory faster and avoid LowMem pressure issues which can lead to node eviction or other outage or performance issues.

The impact of verifying vm.min_free_kbytes &gt;= 524288 && &lt;= 1048576 is minimal. The impact of adjusting the parameter should include editing the /etc/sysctl.conf file and rebooting the system. It is possible, but not recommended, especially for a system already under LowMem pressure, to modify the setting interactively. However, a reboot should still be performed to make sure the interactive setting is retained through a reboot.



Risk:

Exposure to unexpected node eviction and reboot.



Action / Repair:

To verify that vm.min_free_kbytes is properly set to  &gt;= 524288 && &lt;= 1048576 execute the following command

/sbin/sysctl -n vm.min_free_kbytes

cat /proc/sys/vm/min_free_kbytes

If the output is not as expected, investigate and correct the condition. For example if the value is incorrect in /etc/sysctl.conf but current memory matches the incorrect value, simply edit the /etc/sysctl.conf file to include the line "vm.min_free_kbytes  &gt;= 524288 && &lt;= 1048576" and reboot the node. 
 </pre>]]></Recommendation>
        <Links><![CDATA[<li><a href="https://support.oracle.com/epmos/faces/DocumentDisplay?parent=orachkReport&sourceId=DATABASE&id=1367153.1" target="_blank">Note: 1367153.1 - Top 5 Issues That Cause Node Reboots or Evictions or Unexpected Recycle of CRS</a></li>]]></Links>
    </Check>
    <Check id="E1DF2A6140395D42E04312C0E50A0A6C">
        <Recommendation><![CDATA[<pre> ASM disk groups are registered in clusterware by automatic,after you mount them. please make sure required ASM disk groups are mounted.
 </pre>]]></Recommendation>
        <Links><![CDATA[]]></Links>
    </Check>
    <Check id="7E3FAC1843F137ABE040E50A1EC0139B">
        <Recommendation><![CDATA[<pre> 
Benefit / Impact:

Availability, Stability



Risk:

Potential OCR logical corruptions and permission problems accessing OCR keys when multiple O/S users share the same UID which are difficult to diagnose.



Action / Repair:

For GI/CRS, ASM and RDBMS software owners ensure one unique user ID with a single name is in use across the cluster.
 </pre>]]></Recommendation>
        <Links><![CDATA[]]></Links>
    </Check>
    <Check id="7E40D02BD3C22C5AE040E50A1EC033F5">
        <Recommendation><![CDATA[<pre> 
Benefit / Impact:

Availability and Stability




Risk:

Potential OCR logical corruptions and permission problems accessing OCR keys when multiple O/S users share the same UID which are difficult to diagnose.

Action / Repair:

For GI/CRS, ASM and RDBMS software owners ensure one unique user ID with a single name is in use across the cluster.
 </pre>]]></Recommendation>
        <Links><![CDATA[]]></Links>
    </Check>
    <Check id="7E8D719B61F43773E040E50A1EC029C0">
        <Recommendation><![CDATA[<pre> 
Benefit / Impact:

Stability, Availability, Standardization



Risk:

Potential application instability due to incorrectly named network interfaces used for node VIP.



Action / Repair:

The Oracle clusterware expects and it is required that the network interfaces used for
the public interface used for the node VIP be named the same on all nodes of the cluster.
 </pre>]]></Recommendation>
        <Links><![CDATA[]]></Links>
    </Check>
    <Check id="88704DB19306DC92E040E50A1EC02C92">
        <Recommendation><![CDATA[<pre> 
Benefit / Impact:

Clusterware deployment requirement



Risk:

Potential cluster instability



Action / Repair:

Oracle Clusterware requires the same time zone setting on all cluster nodes. During installation, the installation process picks up the time zone setting of the Grid installation owner on the node where OUI runs, and uses that on all nodes as the default TZ setting for all processes managed by Oracle Clusterware. This default is used for databases, Oracle ASM, and any other managed processes.

If for whatever reason the time zones have gotten out of sync then the configuration should be corrected.  Consult with Oracle Support about the proper method for correcting the time zones.
 </pre>]]></Recommendation>
        <Links><![CDATA[]]></Links>
    </Check>
    <Check id="8955120D63FCAC2DE040E50A1EC006CA">
        <Recommendation><![CDATA[<pre> 
Benefit / Impact:

Stability, Availability, Standardization



Risk:

Potential cluster instability due to clusterware version mismatch on cluster nodes.
It is possible that if the clusterware versions do not match that some incompatibility
could exist which would make diagnosing problems difficult or bugs fixed in the
later clusterware version still being present on some nodes but not on others.



Action / Repair:

Unless in the process of a rolling upgrade of the clusterware it is assumed
that the clusterware versions will match across the cluster.  If they do not then it is
assumed that some mistake has been made and overlooked.  The purpose of
this check is to bring this situation to the attention of the customer for action and remedy.
 </pre>]]></Recommendation>
        <Links><![CDATA[<li><a href="https://support.oracle.com/epmos/faces/DocumentDisplay?parent=orachkReport&sourceId=ENG SYSTEMS&id=1662018.1" target="_blank">Note: 1662018.1 - Oracle Sun Database Machine Cross Node Consistency Best Practice Checks</a></li>]]></Links>
    </Check>
    <Check id="8BEFA88017530395E040E50A1EC05E99">
        <Recommendation><![CDATA[<pre> 
Benefit / Impact:

Stability, Availability, Standardization



Risk:

Potential cluster instability due to kernel version mismatch on cluster nodes.
It is possible that if the kernel versions do not match that some incompatibility
could exist which would make diagnosing problems difficult or bugs fixed in the later kernel still being present on some nodes but not on others.



Action / Repair:

Unless in the process of a rolling upgrade of cluster node kernels it is assumed
that the kernel versions will match across the cluster.  If they do not then it is
assumed that some mistake has been made and overlooked.  The purpose of
this check is to bring this situation to the attention of the customer for action and remedy.
 </pre>]]></Recommendation>
        <Links><![CDATA[]]></Links>
    </Check>
    <Check id="8BEFCB0B4C9DBF5CE040E50A1EC03B14">
        <Recommendation><![CDATA[<pre> Operating system versions should match on each node of the cluster
 </pre>]]></Recommendation>
        <Links><![CDATA[]]></Links>
    </Check>
    <Check id="8FC307D9A9CEF95FE040E50A1EC01580">
        <Recommendation><![CDATA[<pre> 
Benefit / Impact:

Clusterware deployment requirement



Risk:

Potential cluster instability



Action / Repair:

Oracle Clusterware requires the same time zone setting on all cluster nodes. During installation, the installation process picks up the time zone setting of the Grid installation owner on the node where OUI runs, and uses that on all nodes as the default TZ setting for all processes managed by Oracle Clusterware. This default is used for databases, Oracle ASM, and any other managed processes.

If for whatever reason the time zones have gotten out of sync then the configuration should be corrected.  Consult with Oracle Support about the proper method for correcting the time zones.
 </pre>]]></Recommendation>
        <Links><![CDATA[]]></Links>
    </Check>
    <Check id="8FC4FA469BAA945EE040E50A1EC06AC6">
        <Recommendation><![CDATA[<pre> Make sure machine clocks are synchronized on all nodes to the same NTP source.
Implement NTP (Network Time Protocol) on all nodes.
Prevents evictions and helps to facilitate problem diagnosis.

Also use  the -x option (ie. ntpd -x, xntp -x) if available to prevent time from moving backwards in large amounts. This slewing will help reduce time changes into multiple small changes, such that they will not impact the CRS. Enterprise Linux: see /etc/sysconfig/ntpd; Solaris: set "slewalways yes" and "disable pll" in /etc/inet/ntp.conf. 
Like:- 
       # Drop root to id 'ntp:ntp' by default.
       OPTIONS="-x -u ntp:ntp -p /var/run/ntpd.pid"
       # Set to 'yes' to sync hw clock after successful ntpdate
       SYNC_HWCLOCK=no
       # Additional options for ntpdate
       NTPDATE_OPTIONS=""

The Time servers operate in a pyramid structure where the top of the NTP stack is usually an external time source (such as GPS Clock).  This then trickles down through the Network Switch stack to the connected server.  
This NTP stack acts as the NTP Server and ensuring that all the RAC Nodes are acting as clients to this server in a slewing method will keep time changes to a minute amount.

Changes in global time to account for atomic accuracy's over Earth rotational wobble , will thus be accounted for with minimal effect.   This is sometimes referred to as the " Leap Second " " epoch ", (between  UTC  12/31/2008 23:59.59 and 01/01/2009 00:00.00  has the one second inserted).

More information can be found in Note 759143.1
"NTP leap second event causing Oracle Clusterware node reboot"
Linked to this Success Factor.

RFC "NTP Slewing for RAC" has been created successfully. CCB ID 462 
 </pre>]]></Recommendation>
        <Links><![CDATA[]]></Links>
    </Check>
    <Check id="F086120133332A4AE04313C0E50AF5F8">
        <Recommendation><![CDATA[<pre> 
Benefit / Impact:

Stability, Availability, Standardization



Risk:

Potential cluster instability due to clusterware version mismatch on cluster nodes.
It is possible that if the clusterware versions do not match that some incompatibility
could exist which would make diagnosing problems difficult or bugs fixed in the
later clusterware version still being present on some nodes but not on others.



Action / Repair:

Unless in the process of a rolling upgrade of the clusterware it is assumed
that the clusterware versions will match across the cluster.  If they do not then it is
assumed that some mistake has been made and overlooked.  The purpose of
this check is to bring this situation to the attention of the customer for action and remedy.
 </pre>]]></Recommendation>
        <Links><![CDATA[<li><a href="https://support.oracle.com/epmos/faces/DocumentDisplay?parent=orachkReport&sourceId=ENG SYSTEMS&id=1662018.1" target="_blank">Note: 1662018.1 - Oracle Sun Database Machine Cross Node Consistency Best Practice Checks</a></li>]]></Links>
    </Check>
</Checks>
